-- phpMyAdmin SQL Dump
-- version 5.1.1
-- https://www.phpmyadmin.net/
--
-- Host: 127.0.0.1
-- Generation Time: May 07, 2022 at 12:10 PM
-- Server version: 10.4.22-MariaDB
-- PHP Version: 8.1.1

SET SQL_MODE = "NO_AUTO_VALUE_ON_ZERO";
START TRANSACTION;
SET time_zone = "+00:00";


/*!40101 SET @OLD_CHARACTER_SET_CLIENT=@@CHARACTER_SET_CLIENT */;
/*!40101 SET @OLD_CHARACTER_SET_RESULTS=@@CHARACTER_SET_RESULTS */;
/*!40101 SET @OLD_COLLATION_CONNECTION=@@COLLATION_CONNECTION */;
/*!40101 SET NAMES utf8mb4 */;

--
-- Database: `dataprocessing`
--

-- --------------------------------------------------------

--
-- Table structure for table `freedom`
--

CREATE TABLE `freedom` (
  `Year` int(4) DEFAULT NULL,
  `ISO_Code` varchar(8) DEFAULT NULL,
  `Country` varchar(29) DEFAULT NULL,
  `PERSONAL_FREEDOM_Score` float DEFAULT NULL,
  `ECONOMIC_FREEDOM_Score` float DEFAULT NULL,
  `HUMAN_FREEDOM_Score` float DEFAULT NULL,
  `HUMAN_FREEDOM_Rank` int(11) DEFAULT NULL,
  `HUMAN_FREEDOM_Quartile` int(11) DEFAULT NULL
) ENGINE=InnoDB DEFAULT CHARSET=utf8;

--
-- Dumping data for table `freedom`
--

INSERT INTO `freedom` (`Year`, `ISO_Code`, `Country`, `PERSONAL_FREEDOM_Score`, `ECONOMIC_FREEDOM_Score`, `HUMAN_FREEDOM_Score`, `HUMAN_FREEDOM_Rank`, `HUMAN_FREEDOM_Quartile`) VALUES
(2015, 'ALB', 'Albania', 7.78, 7.54, 7.66, 47, 2),
(2015, 'DZA', 'Algeria', 5.25, 4.84, 5.05, 153, 4),
(2015, 'AGO', 'Angola', 5.72, 5.4, 5.56, 142, 4),
(2015, 'ARG', 'Argentina', 8.05, 4.88, 6.46, 108, 3),
(2015, 'ARM', 'Armenia', 7.11, 7.6, 7.36, 54, 2),
(2015, 'AUS', 'Australia', 9.22, 7.99, 8.6, 5, 1),
(2015, 'AUT', 'Austria', 9.38, 7.66, 8.52, 12, 1),
(2015, 'AZE', 'Azerbaijan', 5.83, 6.38, 6.1, 128, 4),
(2015, 'BHS', 'Bahamas', 7.5, 7.3, 7.4, 53, 2),
(2015, 'BHR', 'Bahrain', 6, 7.38, 6.69, 88, 3),
(2015, 'BGD', 'Bangladesh', 5.52, 6.32, 5.92, 133, 4),
(2015, 'BRD', 'Barbados', 7.2, 6.47, 6.83, 78, 2),
(2015, 'BEL', 'Belgium', 9.19, 7.44, 8.31, 22, 1),
(2015, 'BLZ', 'Belize', 6.37, 6.5, 6.43, 112, 3),
(2015, 'BEN', 'Benin', 7.45, 5.77, 6.61, 97, 3),
(2015, 'BTN', 'Bhutan', 6.62, 7.11, 6.87, 75, 2),
(2015, 'BOL', 'Bolivia', 7.13, 6.03, 6.58, 100, 3),
(2015, 'BIH', 'Bosnia and Herzegovina', 7.93, 6.61, 7.27, 57, 2),
(2015, 'BWA', 'Botswana', 6.87, 7.37, 7.12, 63, 2),
(2015, 'BRA', 'Brazil', 6.89, 5.75, 6.32, 120, 4),
(2015, 'BRN', 'Brunei Darussalam', 6.08, 6.76, 6.42, 115, 3),
(2015, 'BGR', 'Bulgaria', 8.26, 7.39, 7.83, 41, 2),
(2015, 'BFA', 'Burkina Faso', 7.41, 5.87, 6.64, 94, 3),
(2015, 'BDI', 'Burundi', 4.47, 6.08, 5.27, 150, 4),
(2015, 'KHM', 'Cambodia', 7.26, 7.21, 7.23, 58, 2),
(2015, 'CMR', 'Cameroon', 4.95, 5.92, 5.44, 145, 4),
(2015, 'CAN', 'Canada', 9.13, 7.94, 8.54, 11, 1),
(2015, 'CPV', 'Cape Verde', 8.35, 6.66, 7.51, 49, 2),
(2015, 'CAF', 'Central African Republic', 5.69, 4.62, 5.16, 151, 4),
(2015, 'TCD', 'Chad', 5.5, 5.26, 5.38, 148, 4),
(2015, 'CHL', 'Chile', 8.23, 7.77, 8, 37, 1),
(2015, 'CHN', 'China', 5.62, 6.4, 6.01, 130, 4),
(2015, 'COL', 'Colombia', 6.9, 6.4, 6.65, 93, 3),
(2015, 'COD', 'Congo, Democratic Republic of', 4.83, 5.45, 5.14, 152, 4),
(2015, 'COG', 'Congo, Republic of', 6.65, 4.81, 5.73, 137, 4),
(2015, 'CRI', 'Costa Rica', 8.26, 7.52, 7.89, 38, 1),
(2015, 'CIV', 'Cote Ivoire', 6.88, 5.88, 6.38, 117, 3),
(2015, 'HRV', 'Croatia', 8.48, 7.02, 7.75, 43, 2),
(2015, 'CYP', 'Cyprus', 8.64, 7.79, 8.21, 25, 1),
(2015, 'CZE', 'Czech Republic', 8.96, 7.46, 8.21, 25, 1),
(2015, 'DNK', 'Denmark', 9.36, 7.77, 8.56, 8, 1),
(2015, 'DOM', 'Dominican Republic', 6.78, 7.21, 7, 70, 2),
(2015, 'ECU', 'Ecuador', 7.48, 5.88, 6.68, 89, 3),
(2015, 'EGY', 'Egypt', 3.86, 5.73, 4.79, 155, 4),
(2015, 'SLV', 'El Salvador', 7.05, 7.13, 7.09, 67, 2),
(2015, 'EST', 'Estonia', 9.01, 7.95, 8.48, 13, 1),
(2015, 'ETH', 'Ethiopia', 5.25, 5.53, 5.39, 146, 4),
(2015, 'FJI', 'Fiji', 7.68, 6.68, 7.18, 62, 2),
(2015, 'FIN', 'Finland', 9.4, 7.75, 8.58, 6, 1),
(2015, 'FRA', 'France', 8.74, 7.33, 8.04, 33, 1),
(2015, 'GAB', 'Gabon', 5.28, 5.76, 5.52, 143, 4),
(2015, 'GMB', 'Gambia, The', 5.46, 7.24, 6.35, 119, 3),
(2015, 'GEO', 'Georgia', 7.74, 8.01, 7.87, 40, 1),
(2015, 'DEU', 'Germany', 9.22, 7.69, 8.45, 16, 1),
(2015, 'GHA', 'Ghana', 7.67, 6.53, 7.1, 65, 2),
(2015, 'GRC', 'Greece', 8.06, 6.36, 7.21, 60, 2),
(2015, 'GTM', 'Guatemala', 6.52, 7.69, 7.11, 64, 2),
(2015, 'GIN', 'Guinea', 5.46, 5.75, 5.6, 140, 4),
(2015, 'GNB', 'GuineaBissau', 6.91, 5.65, 6.28, 121, 4),
(2015, 'GUY', 'Guyana', 6.6, 6.45, 6.53, 104, 3),
(2015, 'HTI', 'Haiti', 7.14, 6.53, 6.83, 78, 3),
(2015, 'HND', 'Honduras', 6.28, 7.3, 6.79, 81, 3),
(2015, 'HKG', 'Hong Kong', 8.79, 8.97, 8.88, 2, 1),
(2015, 'HUN', 'Hungary', 8.19, 7.3, 7.74, 44, 2),
(2015, 'ISL', 'Iceland', 9.01, 7.23, 8.12, 31, 1),
(2015, 'IND', 'India', 6.46, 6.63, 6.55, 102, 3),
(2015, 'IDN', 'Indonesia', 6.67, 7, 6.83, 78, 2),
(2015, 'IRN', 'Iran', 4.35, 5.31, 4.83, 154, 4),
(2015, 'IRL', 'Ireland', 9.17, 8.19, 8.68, 4, 1),
(2015, 'ISR', 'Israel', 7.87, 7.49, 7.68, 46, 2),
(2015, 'ITA', 'Italy', 8.74, 7.3, 8.02, 35, 1),
(2015, 'JAM', 'Jamaica', 7.15, 7.3, 7.22, 59, 2),
(2015, 'JPN', 'Japan', 8.93, 7.47, 8.2, 27, 1),
(2015, 'JOR', 'Jordan', 6.21, 7.47, 6.84, 76, 2),
(2015, 'KAZ', 'Kazakhstan', 6.49, 7.18, 6.84, 76, 2),
(2015, 'KEN', 'Kenya', 6.24, 7.11, 6.68, 89, 3),
(2015, 'KOR', 'Korea, Republic of', 8.79, 7.54, 8.17, 29, 1),
(2015, 'KWT', 'Kuwait', 5.7, 6.62, 6.16, 125, 4),
(2015, 'KGZ', 'Kyrgyz Republic', 6.21, 6.89, 6.55, 102, 3),
(2015, 'LAO', 'Laos', 5.98, 6.98, 6.48, 106, 3),
(2015, 'LVA', 'Latvia', 8.72, 7.75, 8.23, 24, 1),
(2015, 'LBN', 'Lebanon', 6.01, 6.91, 6.46, 108, 3),
(2015, 'LSO', 'Lesotho', 6.68, 6.58, 6.63, 96, 3),
(2015, 'LBR', 'Liberia', 6.37, 6.8, 6.58, 100, 3),
(2015, 'LBY', 'Libya', 3.79, 4.95, 4.37, 157, 4),
(2015, 'LTU', 'Lithuania', 8.75, 7.92, 8.34, 18, 1),
(2015, 'LUX', 'Luxembourg', 9.33, 7.63, 8.48, 13, 1),
(2015, 'MKD', 'Macedonia', 7.25, 7.17, 7.21, 60, 2),
(2015, 'MDG', 'Madagascar', 7.14, 6.44, 6.79, 81, 3),
(2015, 'MWI', 'Malawi', 7.46, 5.86, 6.66, 91, 3),
(2015, 'MYS', 'Malaysia', 6.02, 7.19, 6.61, 97, 3),
(2015, 'MLI', 'Mali', 5.88, 5.9, 5.89, 136, 4),
(2015, 'MLT', 'Malta', 8.95, 7.7, 8.33, 21, 1),
(2015, 'MRT', 'Mauritania', 5.75, 5.56, 5.66, 139, 4),
(2015, 'MUS', 'Mauritius', 7.73, 8.04, 7.88, 39, 1),
(2015, 'MEX', 'Mexico', 6.92, 6.95, 6.93, 73, 2),
(2015, 'MDA', 'Moldova', 7, 6.56, 6.78, 83, 3),
(2015, 'MNG', 'Mongolia', 7.57, 7.43, 7.5, 50, 2),
(2015, 'MNE', 'Montenegro', 8.11, 6.77, 7.44, 51, 2),
(2015, 'MAR', 'Morocco', 6.18, 6.29, 6.23, 122, 4),
(2015, 'MOZ', 'Mozambique', 6.85, 5.62, 6.23, 122, 4),
(2015, 'MMR', 'Myanmar', 5.67, 5.26, 5.47, 144, 4),
(2015, 'NAM', 'Namibia', 7.28, 6.76, 7.02, 69, 2),
(2015, 'NPL', 'Nepal', 7.3, 6.49, 6.9, 74, 2),
(2015, 'NLD', 'Netherlands', 9.37, 7.74, 8.55, 9, 1),
(2015, 'NZL', 'New Zealand', 9.25, 8.48, 8.86, 3, 1),
(2015, 'NIC', 'Nicaragua', 6.16, 7.28, 6.72, 87, 3),
(2015, 'NER', 'Niger', 5.73, 5.74, 5.73, 137, 4),
(2015, 'NGA', 'Nigeria', 5.45, 6.38, 5.92, 133, 4),
(2015, 'NOR', 'Norway', 9.47, 7.67, 8.57, 7, 1),
(2015, 'OMN', 'Oman', 5.6, 6.62, 6.11, 126, 4),
(2015, 'PAK', 'Pakistan', 5.21, 5.93, 5.57, 141, 4),
(2015, 'PAN', 'Panama', 7.71, 7.59, 7.65, 48, 2),
(2015, 'PNG', 'Papua New Guinea', 7.11, 6.42, 6.76, 86, 3),
(2015, 'PRY', 'Paraguay', 6.99, 6.91, 6.95, 72, 2),
(2015, 'PER', 'Peru', 7.44, 7.44, 7.44, 51, 2),
(2015, 'PHL', 'Philippines', 6.46, 7.47, 6.97, 71, 2),
(2015, 'POL', 'Poland', 8.81, 7.34, 8.08, 32, 1),
(2015, 'PRT', 'Portugal', 9.09, 7.53, 8.31, 22, 1),
(2015, 'QAT', 'Qatar', 5.42, 7.43, 6.43, 112, 3),
(2015, 'ROU', 'Romania', 8.66, 7.72, 8.19, 28, 1),
(2015, 'RUS', 'Russia', 5.63, 6.6, 6.11, 126, 4),
(2015, 'RWA', 'Rwanda', 6.63, 7.57, 7.1, 65, 2),
(2015, 'SAU', 'Saudi Arabia', 4.5, 6.24, 5.37, 149, 4),
(2015, 'SEN', 'Senegal', 6.76, 6.16, 6.46, 108, 3),
(2015, 'SRB', 'Serbia', 7.85, 6.75, 7.3, 55, 2),
(2015, 'SYC', 'Seychelles', 8.01, 7.42, 7.71, 45, 2),
(2015, 'SLE', 'Sierra Leone', 7.17, 5.78, 6.47, 107, 3),
(2015, 'SGP', 'Singapore', 7.86, 8.81, 8.34, 18, 1),
(2015, 'SVK', 'Slovakia', 8.76, 7.31, 8.04, 33, 1),
(2015, 'SVN', 'Slovenia', 9.02, 7, 8.01, 36, 1),
(2015, 'ZAF', 'South Africa', 7.5, 6.63, 7.07, 68, 2),
(2015, 'ESP', 'Spain', 8.77, 7.51, 8.14, 30, 1),
(2015, 'LKA', 'Sri Lanka', 5.17, 6.65, 5.91, 135, 4),
(2015, 'SUR', 'Suriname', 7.91, 6.67, 7.29, 56, 2),
(2015, 'SWZ', 'Swaziland', 6.53, 6.79, 6.66, 91, 3),
(2015, 'SWE', 'Sweden', 9.32, 7.65, 8.48, 13, 1),
(2015, 'CHE', 'Switzerland', 9.33, 8.44, 8.89, 1, 1),
(2015, 'SYR', 'Syria', 2.86, 5.22, 4.04, 159, 4),
(2015, 'TWN', 'Taiwan', 8.98, 7.7, 8.34, 18, 1),
(2015, 'TJK', 'Tajikistan', 5.93, 6.8, 6.37, 118, 3),
(2015, 'TZA', 'Tanzania', 6.27, 6.92, 6.59, 99, 3),
(2015, 'THA', 'Thailand', 6.29, 6.75, 6.52, 105, 3),
(2015, 'TLS', 'TimorLeste', 5.62, 6.29, 5.96, 131, 4),
(2015, 'TGO', 'Togo', 6.44, 5.7, 6.07, 129, 4),
(2015, 'TTO', 'Trinidad and Tobago', 7.04, 6.5, 6.77, 84, 3),
(2015, 'TUN', 'Tunisia', 6.55, 6.32, 6.44, 111, 3),
(2015, 'TUR', 'Turkey', 6.71, 6.82, 6.77, 84, 3),
(2015, 'UGA', 'Uganda', 6.03, 7.25, 6.64, 94, 3),
(2015, 'UKR', 'Ukraine', 6.53, 5.38, 5.95, 132, 4),
(2015, 'ARE', 'United Arab Emirates', 5.29, 7.5, 6.39, 116, 3),
(2015, 'GBR', 'United Kingdom', 9.05, 8.05, 8.55, 9, 1),
(2015, 'USA', 'United States', 8.83, 7.94, 8.39, 17, 1),
(2015, 'URY', 'Uruguay', 8.43, 7.16, 7.79, 42, 2),
(2015, 'VEN', 'Venezuela', 5.76, 2.92, 4.34, 158, 4),
(2015, 'VNM', 'Vietnam', 6.05, 6.3, 6.17, 124, 4),
(2015, 'YEM', 'Yemen, Rep.', 3.02, 6.17, 4.59, 156, 4),
(2015, 'ZMB', 'Zambia', 6.1, 6.75, 6.43, 112, 3),
(2015, 'ZWE', 'Zimbabwe', 5.17, 5.61, 5.39, 146, 4),
(2014, 'ALB', 'Albania', 7.61, 7.48, 7.54, 50, 2),
(2014, 'DZA', 'Algeria', 5.1, 5.01, 5.05, 152, 4),
(2014, 'AGO', 'Angola', 5.6, 5.13, 5.37, 148, 4),
(2014, 'ARG', 'Argentina', 8.17, 4.49, 6.33, 122, 4),
(2014, 'ARM', 'Armenia', 7.09, 7.7, 7.39, 54, 2),
(2014, 'AUS', 'Australia', 9.27, 8.02, 8.65, 5, 1),
(2014, 'AUT', 'Austria', 9.42, 7.68, 8.55, 11, 1),
(2014, 'AZE', 'Azerbaijan', 5.84, 6.4, 6.12, 131, 4),
(2014, 'BHS', 'Bahamas', 7.42, 7.3, 7.36, 55, 2),
(2014, 'BHR', 'Bahrain', 5.84, 7.36, 6.6, 102, 3),
(2014, 'BGD', 'Bangladesh', 5.57, 6.3, 5.94, 137, 4),
(2014, 'BRD', 'Barbados', 7.26, 6.63, 6.94, 78, 2),
(2014, 'BEL', 'Belgium', 9.12, 7.59, 8.36, 17, 1),
(2014, 'BLZ', 'Belize', 6.25, 6.47, 6.36, 121, 4),
(2014, 'BEN', 'Benin', 7.46, 5.94, 6.7, 91, 3),
(2014, 'BTN', 'Bhutan', 6.89, 6.99, 6.94, 78, 2),
(2014, 'BOL', 'Bolivia', 7.64, 6.21, 6.92, 83, 3),
(2014, 'BIH', 'Bosnia and Herzegovina', 7.9, 6.79, 7.34, 56, 2),
(2014, 'BWA', 'Botswana', 6.33, 7.3, 6.82, 85, 3),
(2014, 'BRA', 'Brazil', 7.37, 5.93, 6.65, 97, 3),
(2014, 'BRN', 'Brunei Darussalam', 7.09, 7.18, 7.13, 63, 2),
(2014, 'BGR', 'Bulgaria', 8.34, 7.37, 7.86, 43, 2),
(2014, 'BFA', 'Burkina Faso', 7.56, 6.02, 6.79, 87, 3),
(2014, 'BDI', 'Burundi', 6.42, 5.97, 6.2, 128, 4),
(2014, 'KHM', 'Cambodia', 6.77, 7.16, 6.96, 74, 2),
(2014, 'CMR', 'Cameroon', 6.12, 6.03, 6.07, 134, 4),
(2014, 'CAN', 'Canada', 9.19, 8.2, 8.7, 4, 1),
(2014, 'CPV', 'Cape Verde', 8.55, 6.56, 7.56, 49, 2),
(2014, 'CAF', 'Central African Republic', 4.94, 4.99, 4.97, 154, 4),
(2014, 'TCD', 'Chad', 5.64, 4.97, 5.3, 149, 4),
(2014, 'CHL', 'Chile', 8.17, 7.84, 8.01, 37, 1),
(2014, 'CHN', 'China', 5.55, 6.38, 5.97, 136, 4),
(2014, 'COL', 'Colombia', 6.48, 6.46, 6.47, 109, 3),
(2014, 'COD', 'Congo, Democratic Republic of', 4.79, 5.03, 4.91, 156, 4),
(2014, 'COG', 'Congo, Republic of', 6.81, 4.62, 5.71, 141, 4),
(2014, 'CRI', 'Costa Rica', 8.31, 7.5, 7.9, 40, 1),
(2014, 'CIV', 'Cote d Ivoire', 6.78, 5.99, 6.39, 118, 3),
(2014, 'HRV', 'Croatia', 8.56, 7.01, 7.79, 45, 2),
(2014, 'CYP', 'Cyprus', 8.8, 7.44, 8.12, 29, 1),
(2014, 'CZE', 'Czech Republic', 9.12, 7.46, 8.29, 21, 1),
(2014, 'DNK', 'Denmark', 9.48, 7.8, 8.64, 6, 1),
(2014, 'DOM', 'Dominican Republic', 7.22, 7.27, 7.25, 59, 2),
(2014, 'ECU', 'Ecuador', 7.65, 5.66, 6.66, 96, 3),
(2014, 'EGY', 'Egypt', 4.68, 5.81, 5.25, 150, 4),
(2014, 'SLV', 'El Salvador', 7.24, 7.34, 7.29, 58, 2),
(2014, 'EST', 'Estonia', 8.98, 7.8, 8.39, 16, 1),
(2014, 'ETH', 'Ethiopia', 5.7, 5.46, 5.58, 142, 4),
(2014, 'FJI', 'Fiji', 7.45, 6.6, 7.03, 68, 2),
(2014, 'FIN', 'Finland', 9.44, 7.79, 8.62, 7, 1),
(2014, 'FRA', 'France', 8.81, 7.36, 8.09, 32, 1),
(2014, 'GAB', 'Gabon', 6.04, 5.57, 5.81, 140, 4),
(2014, 'GMB', 'Gambia, The', 5.86, 7.35, 6.61, 99, 3),
(2014, 'GEO', 'Georgia', 7.76, 8.02, 7.89, 42, 2),
(2014, 'DEU', 'Germany', 9.34, 7.67, 8.51, 12, 1),
(2014, 'GHA', 'Ghana', 8.07, 6.41, 7.24, 60, 2),
(2014, 'GRC', 'Greece', 8.1, 6.81, 7.45, 51, 2),
(2014, 'GTM', 'Guatemala', 6.74, 7.65, 7.19, 62, 2),
(2014, 'GIN', 'Guinea', 5.45, 5.62, 5.53, 143, 4),
(2014, 'GNB', 'GuineaBissau', 6.74, 5.44, 6.09, 133, 4),
(2014, 'GUY', 'Guyana', 6.56, 6.22, 6.39, 118, 3),
(2014, 'HTI', 'Haiti', 7.37, 6.58, 6.98, 72, 2),
(2014, 'HND', 'Honduras', 6.01, 7.2, 6.61, 99, 3),
(2014, 'HKG', 'Hong Kong', 9.07, 8.99, 9.03, 1, 1),
(2014, 'HUN', 'Hungary', 8.64, 7.36, 8, 38, 1),
(2014, 'ISL', 'Iceland', 9.29, 7.18, 8.24, 25, 1),
(2014, 'IND', 'India', 6.91, 6.23, 6.57, 105, 3),
(2014, 'IDN', 'Indonesia', 6.89, 7.02, 6.95, 75, 2),
(2014, 'IRN', 'Iran', 4.06, 4.98, 4.52, 159, 4),
(2014, 'IRL', 'Ireland', 9.1, 8.09, 8.6, 8, 1),
(2014, 'ISR', 'Israel', 7.42, 7.46, 7.44, 53, 2),
(2014, 'ITA', 'Italy', 8.83, 7.25, 8.04, 34, 1),
(2014, 'JAM', 'Jamaica', 7.24, 7.18, 7.21, 61, 2),
(2014, 'JPN', 'Japan', 8.86, 7.55, 8.21, 26, 1),
(2014, 'JOR', 'Jordan', 5.97, 7.54, 6.76, 89, 3),
(2014, 'KAZ', 'Kazakhstan', 6.21, 7.22, 6.71, 90, 3),
(2014, 'KEN', 'Kenya', 6.45, 7.1, 6.78, 88, 3),
(2014, 'KOR', 'Korea, Republic of', 8.65, 7.55, 8.1, 30, 1),
(2014, 'KWT', 'Kuwait', 5.86, 6.81, 6.33, 122, 4),
(2014, 'KGZ', 'Kyrgyz Republic', 6.17, 6.98, 6.58, 103, 3),
(2014, 'LAO', 'Laos', 6.29, 6.95, 6.62, 98, 3),
(2014, 'LVA', 'Latvia', 8.74, 7.81, 8.28, 22, 1),
(2014, 'LBN', 'Lebanon', 5.94, 6.9, 6.42, 112, 3),
(2014, 'LSO', 'Lesotho', 6.56, 6.59, 6.58, 103, 3),
(2014, 'LBR', 'Liberia', 6.23, 7.14, 6.68, 92, 3),
(2014, 'LBY', 'Libya', 4.52, 4.78, 4.65, 157, 4),
(2014, 'LTU', 'Lithuania', 8.77, 7.91, 8.34, 20, 1),
(2014, 'LUX', 'Luxembourg', 9.25, 7.78, 8.51, 12, 1),
(2014, 'MKD', 'Macedonia', 7.37, 7.24, 7.31, 57, 2),
(2014, 'MDG', 'Madagascar', 7.68, 6.41, 7.05, 67, 2),
(2014, 'MWI', 'Malawi', 7.41, 5.94, 6.67, 93, 3),
(2014, 'MYS', 'Malaysia', 5.83, 7.1, 6.47, 109, 3),
(2014, 'MLI', 'Mali', 6.26, 5.98, 6.12, 131, 4),
(2014, 'MLT', 'Malta', 8.91, 7.8, 8.36, 17, 1),
(2014, 'MRT', 'Mauritania', 5.29, 5.6, 5.44, 145, 4),
(2014, 'MUS', 'Mauritius', 8.14, 8.02, 8.08, 33, 1),
(2014, 'MEX', 'Mexico', 6.98, 6.93, 6.95, 75, 2),
(2014, 'MDA', 'Moldova', 7.52, 6.65, 7.09, 66, 2),
(2014, 'MNG', 'Mongolia', 7.94, 7.39, 7.66, 48, 2),
(2014, 'MNE', 'Montenegro', 8.1, 7.23, 7.67, 47, 2),
(2014, 'MAR', 'Morocco', 6.15, 6.28, 6.22, 126, 4),
(2014, 'MOZ', 'Mozambique', 7.27, 5.75, 6.51, 108, 3),
(2014, 'MMR', 'Myanmar', 4.99, 5.41, 5.2, 151, 4),
(2014, 'NAM', 'Namibia', 7.26, 6.97, 7.11, 64, 2),
(2014, 'NPL', 'Nepal', 7.26, 6.45, 6.86, 84, 3),
(2014, 'NLD', 'Netherlands', 9.27, 7.74, 8.51, 12, 1),
(2014, 'NZL', 'New Zealand', 9.12, 8.48, 8.8, 3, 1),
(2014, 'NIC', 'Nicaragua', 6.59, 7.31, 6.95, 75, 2),
(2014, 'NER', 'Niger', 6.14, 5.9, 6.02, 135, 4),
(2014, 'NGA', 'Nigeria', 5.26, 6.38, 5.82, 139, 4),
(2014, 'NOR', 'Norway', 9.55, 7.62, 8.58, 9, 1),
(2014, 'OMN', 'Oman', 5.7, 7.05, 6.37, 120, 4),
(2014, 'PAK', 'Pakistan', 4.99, 5.89, 5.44, 145, 4),
(2014, 'PAN', 'Panama', 7.88, 7.48, 7.68, 46, 2),
(2014, 'PNG', 'Papua New Guinea', 6.87, 6.48, 6.67, 93, 3),
(2014, 'PRY', 'Paraguay', 7.12, 6.87, 7, 71, 2),
(2014, 'PER', 'Peru', 7.38, 7.53, 7.45, 51, 2),
(2014, 'PHL', 'Philippines', 6.15, 7.45, 6.8, 86, 3),
(2014, 'POL', 'Poland', 9.12, 7.43, 8.28, 22, 1),
(2014, 'PRT', 'Portugal', 9.1, 7.6, 8.35, 19, 1),
(2014, 'QAT', 'Qatar', 5.19, 7.68, 6.43, 111, 3),
(2014, 'ROU', 'Romania', 8.6, 7.74, 8.17, 28, 1),
(2014, 'RUS', 'Russia', 6.27, 6.58, 6.42, 112, 3),
(2014, 'RWA', 'Rwanda', 6.49, 7.39, 6.94, 78, 2),
(2014, 'SAU', 'Saudi Arabia', 4.23, 6.55, 5.39, 147, 4),
(2014, 'SEN', 'Senegal', 6.61, 6.23, 6.42, 112, 3),
(2014, 'SRB', 'Serbia', 7.5, 6.71, 7.11, 64, 2),
(2014, 'SYC', 'Seychelles', 8.34, 7.46, 7.9, 40, 1),
(2014, 'SLE', 'Sierra Leone', 6.29, 6, 6.14, 130, 4),
(2014, 'SGP', 'Singapore', 7.29, 8.79, 8.04, 34, 1),
(2014, 'SVK', 'Slovakia', 8.76, 7.44, 8.1, 30, 1),
(2014, 'SVN', 'Slovenia', 8.98, 7.01, 7.99, 39, 1),
(2014, 'ZAF', 'South Africa', 7.2, 6.67, 6.93, 81, 3),
(2014, 'ESP', 'Spain', 8.62, 7.45, 8.03, 36, 1),
(2014, 'LKA', 'Sri Lanka', 5.82, 6.58, 6.2, 128, 4),
(2014, 'SUR', 'Suriname', 7.42, 6.61, 7.02, 70, 2),
(2014, 'SWZ', 'Swaziland', 5.96, 6.83, 6.4, 116, 3),
(2014, 'SWE', 'Sweden', 9.29, 7.62, 8.45, 15, 1),
(2014, 'CHE', 'Switzerland', 9.34, 8.37, 8.85, 2, 1),
(2014, 'SYR', 'Syria', 3.9, 5.21, 4.55, 158, 4),
(2014, 'TWN', 'Taiwan', 8.71, 7.71, 8.21, 26, 1),
(2014, 'TJK', 'Tajikistan', 7.13, 6.82, 6.98, 72, 2),
(2014, 'TZA', 'Tanzania', 6.46, 6.76, 6.61, 99, 3),
(2014, 'THA', 'Thailand', 6.77, 6.56, 6.67, 93, 3),
(2014, 'TLS', 'TimorLeste', 6.53, 6.27, 6.4, 116, 3),
(2014, 'TGO', 'Togo', 6.05, 5.81, 5.93, 138, 4),
(2014, 'TTO', 'Trinidad and Tobago', 7.06, 6.8, 6.93, 81, 3),
(2014, 'TUN', 'Tunisia', 5.96, 6.48, 6.22, 126, 4),
(2014, 'TUR', 'Turkey', 7.18, 6.88, 7.03, 68, 2),
(2014, 'UGA', 'Uganda', 5.84, 7.26, 6.55, 106, 3),
(2014, 'UKR', 'Ukraine', 6.92, 5.91, 6.41, 115, 3),
(2014, 'ARE', 'United Arab Emirates', 5.06, 7.59, 6.32, 124, 4),
(2014, 'GBR', 'United Kingdom', 9.2, 7.94, 8.57, 10, 1),
(2014, 'USA', 'United States', 8.71, 7.81, 8.26, 24, 1),
(2014, 'URY', 'Uruguay', 8.57, 7.12, 7.85, 44, 2),
(2014, 'VEN', 'Venezuela', 6.62, 3.28, 4.95, 155, 4),
(2014, 'VNM', 'Vietnam', 6.16, 6.32, 6.24, 125, 4),
(2014, 'YEM', 'Yemen, Rep.', 3.48, 6.54, 5.01, 153, 4),
(2014, 'ZMB', 'Zambia', 6.07, 6.99, 6.53, 107, 3),
(2014, 'ZWE', 'Zimbabwe', 5.49, 5.55, 5.52, 144, 4),
(2013, 'ALB', 'Albania', 7.43, 7.24, 7.34, 55, 2),
(2013, 'DZA', 'Algeria', 5.13, 5.04, 5.08, 150, 4),
(2013, 'AGO', 'Angola', 6.48, 5.25, 5.87, 136, 4),
(2013, 'ARG', 'Argentina', 8.23, 4.85, 6.54, 104, 3),
(2013, 'ARM', 'Armenia', 7.09, 7.69, 7.39, 52, 2),
(2013, 'AUS', 'Australia', 9.21, 7.92, 8.56, 6, 1),
(2013, 'AUT', 'Austria', 9.35, 7.6, 8.48, 11, 1),
(2013, 'AZE', 'Azerbaijan', 5.89, 6.2, 6.04, 131, 4),
(2013, 'BHS', 'Bahamas', 7.42, 7.31, 7.36, 54, 2),
(2013, 'BHR', 'Bahrain', 5.81, 7.32, 6.56, 103, 3),
(2013, 'BGD', 'Bangladesh', 5.28, 6.34, 5.81, 137, 4),
(2013, 'BRD', 'Barbados', 7.33, 6.65, 6.99, 72, 2),
(2013, 'BEL', 'Belgium', 9.11, 7.34, 8.23, 18, 1),
(2013, 'BLZ', 'Belize', 6.37, 6.55, 6.46, 112, 3),
(2013, 'BEN', 'Benin', 7.31, 5.98, 6.64, 95, 3),
(2013, 'BTN', 'Bhutan', 6.87, 6.93, 6.9, 77, 2),
(2013, 'BOL', 'Bolivia', 7.51, 6.4, 6.96, 73, 2),
(2013, 'BIH', 'Bosnia and Herzegovina', 7.9, 6.91, 7.41, 51, 2),
(2013, 'BWA', 'Botswana', 6.29, 7.23, 6.76, 85, 3),
(2013, 'BRA', 'Brazil', 7.39, 6.01, 6.7, 89, 3),
(2013, 'BRN', 'Brunei Darussalam', 7.09, 7.06, 7.07, 68, 2),
(2013, 'BGR', 'Bulgaria', 8.3, 7.3, 7.8, 42, 2),
(2013, 'BFA', 'Burkina Faso', 7.4, 5.93, 6.66, 93, 3),
(2013, 'BDI', 'Burundi', 6.3, 5.96, 6.13, 128, 4),
(2013, 'KHM', 'Cambodia', 7.03, 7.17, 7.1, 64, 2),
(2013, 'CMR', 'Cameroon', 6.08, 6.13, 6.11, 130, 4),
(2013, 'CAN', 'Canada', 9.23, 8, 8.61, 4, 1),
(2013, 'CPV', 'Cape Verde', 8.01, 6.62, 7.32, 56, 2),
(2013, 'CAF', 'Central African Republic', 5.17, 5.23, 5.2, 148, 4),
(2013, 'TCD', 'Chad', 5.6, 4.98, 5.29, 146, 4),
(2013, 'CHL', 'Chile', 8.18, 7.84, 8.01, 31, 1),
(2013, 'CHN', 'China', 5.54, 6.37, 5.95, 134, 4),
(2013, 'COL', 'Colombia', 6.46, 6.61, 6.53, 107, 3),
(2013, 'COD', 'Congo, Democratic Republic of', 4.21, 5.17, 4.69, 155, 4),
(2013, 'COG', 'Congo, Republic of', 6.75, 4.57, 5.66, 141, 4),
(2013, 'CRI', 'Costa Rica', 8.17, 7.45, 7.81, 41, 2),
(2013, 'CIV', 'Cote d Ivoire', 6.67, 5.89, 6.28, 120, 4),
(2013, 'HRV', 'Croatia', 8.43, 6.87, 7.65, 44, 2),
(2013, 'CYP', 'Cyprus', 8.59, 7.04, 7.82, 40, 2),
(2013, 'CZE', 'Czech Republic', 9.06, 7.34, 8.2, 21, 1),
(2013, 'DNK', 'Denmark', 9.54, 7.65, 8.6, 5, 1),
(2013, 'DOM', 'Dominican Republic', 7.03, 7.21, 7.12, 63, 2),
(2013, 'ECU', 'Ecuador', 7.46, 5.93, 6.7, 89, 3),
(2013, 'EGY', 'Egypt', 4.54, 5.99, 5.26, 147, 4),
(2013, 'SLV', 'El Salvador', 7.2, 7.16, 7.18, 59, 2),
(2013, 'EST', 'Estonia', 8.93, 7.66, 8.3, 16, 1),
(2013, 'ETH', 'Ethiopia', 5.69, 5.53, 5.61, 142, 4),
(2013, 'FJI', 'Fiji', 7.22, 6.55, 6.89, 79, 3),
(2013, 'FIN', 'Finland', 9.45, 7.67, 8.56, 6, 1),
(2013, 'FRA', 'France', 8.78, 7.2, 7.99, 33, 1),
(2013, 'GAB', 'Gabon', 6.13, 5.42, 5.77, 138, 4),
(2013, 'GMB', 'Gambia, The', 5.89, 7.28, 6.59, 100, 3),
(2013, 'GEO', 'Georgia', 7.62, 7.83, 7.72, 43, 2),
(2013, 'DEU', 'Germany', 9.26, 7.63, 8.45, 12, 1),
(2013, 'GHA', 'Ghana', 7.78, 6.54, 7.16, 60, 2),
(2013, 'GRC', 'Greece', 8.08, 6.89, 7.48, 50, 2),
(2013, 'GTM', 'Guatemala', 6.65, 7.62, 7.14, 62, 2),
(2013, 'GIN', 'Guinea', 5.9, 5.64, 5.77, 138, 4),
(2013, 'GNB', 'GuineaBissau', 6.29, 5.77, 6.03, 132, 4),
(2013, 'GUY', 'Guyana', 7.44, 6.02, 6.73, 87, 3),
(2013, 'HTI', 'Haiti', 7.19, 6.36, 6.77, 82, 3),
(2013, 'HND', 'Honduras', 6.03, 7.1, 6.57, 102, 3),
(2013, 'HKG', 'Hong Kong', 9, 8.94, 8.97, 1, 1),
(2013, 'HUN', 'Hungary', 8.55, 7.3, 7.92, 37, 1),
(2013, 'ISL', 'Iceland', 9.28, 6.93, 8.11, 27, 1),
(2013, 'IND', 'India', 6.99, 6.36, 6.68, 92, 3),
(2013, 'IDN', 'Indonesia', 6.93, 6.98, 6.95, 74, 2),
(2013, 'IRN', 'Iran', 4.02, 5.3, 4.66, 156, 4),
(2013, 'IRL', 'Ireland', 9.07, 8.01, 8.54, 8, 1),
(2013, 'ISR', 'Israel', 7.81, 7.38, 7.6, 46, 2),
(2013, 'ITA', 'Italy', 8.83, 7.16, 8, 32, 1),
(2013, 'JAM', 'Jamaica', 7.12, 7.29, 7.2, 58, 2),
(2013, 'JPN', 'Japan', 8.78, 7.51, 8.15, 26, 1),
(2013, 'JOR', 'Jordan', 5.88, 7.65, 6.76, 85, 3),
(2013, 'KAZ', 'Kazakhstan', 6.14, 7.12, 6.63, 97, 3),
(2013, 'KEN', 'Kenya', 6.44, 7.1, 6.77, 82, 3),
(2013, 'KOR', 'Korea, Republic of', 8.61, 7.34, 7.97, 34, 1),
(2013, 'KWT', 'Kuwait', 6.06, 6.81, 6.43, 113, 3),
(2013, 'KGZ', 'Kyrgyz Republic', 5.96, 6.72, 6.34, 117, 3),
(2013, 'LAO', 'Laos', 0, 0, 0, 0, 0),
(2013, 'LVA', 'Latvia', 8.72, 7.65, 8.19, 24, 1),
(2013, 'LBN', 'Lebanon', 6.11, 6.87, 6.49, 109, 3),
(2013, 'LSO', 'Lesotho', 6.44, 6.3, 6.37, 115, 3),
(2013, 'LBR', 'Liberia', 0, 0, 0, 0, 0),
(2013, 'LBY', 'Libya', 4.97, 4.77, 4.87, 154, 4),
(2013, 'LTU', 'Lithuania', 8.71, 7.69, 8.2, 21, 1),
(2013, 'LUX', 'Luxembourg', 9.17, 7.58, 8.37, 14, 1),
(2013, 'MKD', 'Macedonia', 8.1, 7.15, 7.63, 45, 2),
(2013, 'MDG', 'Madagascar', 7.48, 6.57, 7.02, 70, 2),
(2013, 'MWI', 'Malawi', 7.09, 5.9, 6.49, 109, 3),
(2013, 'MYS', 'Malaysia', 6, 7.07, 6.54, 104, 3),
(2013, 'MLI', 'Mali', 6.14, 5.92, 6.03, 132, 4),
(2013, 'MLT', 'Malta', 8.91, 7.62, 8.27, 17, 1),
(2013, 'MRT', 'Mauritania', 5.51, 5.6, 5.55, 143, 4),
(2013, 'MUS', 'Mauritius', 8.32, 8.12, 8.22, 19, 1),
(2013, 'MEX', 'Mexico', 6.65, 6.82, 6.73, 87, 3),
(2013, 'MDA', 'Moldova', 7.38, 6.53, 6.95, 74, 2),
(2013, 'MNG', 'Mongolia', 7.9, 7.21, 7.55, 48, 2),
(2013, 'MNE', 'Montenegro', 8, 7.05, 7.52, 49, 2),
(2013, 'MAR', 'Morocco', 6.11, 6.34, 6.23, 123, 4),
(2013, 'MOZ', 'Mozambique', 6.71, 5.78, 6.24, 121, 4),
(2013, 'MMR', 'Myanmar', 4.64, 5.36, 5, 152, 4),
(2013, 'NAM', 'Namibia', 7.35, 6.83, 7.09, 67, 2),
(2013, 'NPL', 'Nepal', 7.34, 6.36, 6.85, 80, 3),
(2013, 'NLD', 'Netherlands', 9.17, 7.59, 8.38, 13, 1),
(2013, 'NZL', 'New Zealand', 9.1, 8.45, 8.77, 2, 1),
(2013, 'NIC', 'Nicaragua', 6.66, 7.34, 7, 71, 2),
(2013, 'NER', 'Niger', 6.14, 6.14, 6.14, 127, 4),
(2013, 'NGA', 'Nigeria', 5.06, 6.38, 5.72, 140, 4),
(2013, 'NOR', 'Norway', 9.5, 7.57, 8.54, 8, 1),
(2013, 'OMN', 'Oman', 5.74, 6.95, 6.34, 117, 3),
(2013, 'PAK', 'Pakistan', 4.78, 6.14, 5.46, 144, 4),
(2013, 'PAN', 'Panama', 7.77, 7.36, 7.57, 47, 2),
(2013, 'PNG', 'Papua New Guinea', 6.81, 6.57, 6.69, 91, 3),
(2013, 'PRY', 'Paraguay', 7.18, 6.92, 7.05, 69, 2),
(2013, 'PER', 'Peru', 7.4, 7.38, 7.39, 52, 2),
(2013, 'PHL', 'Philippines', 6.09, 7.58, 6.83, 81, 3),
(2013, 'POL', 'Poland', 8.95, 7.22, 8.09, 28, 1),
(2013, 'PRT', 'Portugal', 8.96, 7.49, 8.22, 19, 1),
(2013, 'QAT', 'Qatar', 5.45, 7.53, 6.49, 109, 3),
(2013, 'ROU', 'Romania', 8.53, 7.6, 8.06, 29, 1),
(2013, 'RUS', 'Russia', 6.3, 6.56, 6.43, 113, 3),
(2013, 'RWA', 'Rwanda', 5.7, 7.38, 6.54, 104, 3),
(2013, 'SAU', 'Saudi Arabia', 4.26, 6.55, 5.4, 145, 4),
(2013, 'SEN', 'Senegal', 6.82, 6.18, 6.5, 108, 3),
(2013, 'SRB', 'Serbia', 7.54, 6.65, 7.1, 64, 2),
(2013, 'SYC', 'Seychelles', 7.31, 7.24, 7.27, 57, 2),
(2013, 'SLE', 'Sierra Leone', 6.31, 6.11, 6.21, 125, 4),
(2013, 'SGP', 'Singapore', 7.31, 8.59, 7.95, 36, 1),
(2013, 'SVK', 'Slovakia', 8.77, 7.35, 8.06, 29, 1),
(2013, 'SVN', 'Slovenia', 8.95, 6.72, 7.84, 39, 1),
(2013, 'ZAF', 'South Africa', 7.15, 6.75, 6.95, 74, 2),
(2013, 'ESP', 'Spain', 8.61, 7.32, 7.96, 35, 1),
(2013, 'LKA', 'Sri Lanka', 5.83, 6.64, 6.24, 121, 4),
(2013, 'SUR', 'Suriname', 7.68, 6.62, 7.15, 61, 2),
(2013, 'SWZ', 'Swaziland', 5.58, 6.74, 6.16, 126, 4),
(2013, 'SWE', 'Sweden', 9.31, 7.4, 8.35, 15, 1),
(2013, 'CHE', 'Switzerland', 9.25, 8.26, 8.76, 3, 1),
(2013, 'SYR', 'Syria', 4.01, 5.28, 4.65, 157, 4),
(2013, 'TWN', 'Taiwan', 8.65, 7.68, 8.16, 25, 1),
(2013, 'TJK', 'Tajikistan', 6.63, 6.66, 6.64, 95, 3),
(2013, 'TZA', 'Tanzania', 6.46, 6.85, 6.66, 93, 3),
(2013, 'THA', 'Thailand', 6.67, 6.54, 6.61, 99, 3),
(2013, 'TLS', 'TimorLeste', 6.51, 6.14, 6.32, 119, 4),
(2013, 'TGO', 'Togo', 5.85, 5.98, 5.92, 135, 4),
(2013, 'TTO', 'Trinidad and Tobago', 7.07, 6.73, 6.9, 77, 2),
(2013, 'TUN', 'Tunisia', 5.95, 6.31, 6.13, 128, 4),
(2013, 'TUR', 'Turkey', 7.36, 6.84, 7.1, 64, 2),
(2013, 'UGA', 'Uganda', 6.02, 7.23, 6.62, 98, 3),
(2013, 'UKR', 'Ukraine', 7.51, 6.03, 6.77, 82, 3),
(2013, 'ARE', 'United Arab Emirates', 5.03, 7.69, 6.36, 116, 3),
(2013, 'GBR', 'United Kingdom', 9.11, 7.94, 8.52, 10, 1),
(2013, 'USA', 'United States', 8.65, 7.74, 8.2, 21, 1),
(2013, 'URY', 'Uruguay', 8.47, 7.23, 7.85, 38, 1),
(2013, 'VEN', 'Venezuela', 6.69, 3.29, 4.99, 153, 4),
(2013, 'VNM', 'Vietnam', 6.09, 6.37, 6.23, 123, 4),
(2013, 'YEM', 'Yemen, Rep.', 3.8, 6.33, 5.06, 151, 4),
(2013, 'ZMB', 'Zambia', 6.21, 6.95, 6.58, 101, 3),
(2013, 'ZWE', 'Zimbabwe', 5.12, 5.26, 5.19, 149, 4),
(2012, 'ALB', 'Albania', 7.69, 7.2, 7.44, 52, 2),
(2012, 'DZA', 'Algeria', 5.24, 4.95, 5.09, 146, 4),
(2012, 'AGO', 'Angola', 6.16, 5.28, 5.72, 135, 4),
(2012, 'ARG', 'Argentina', 8.22, 5.04, 6.63, 94, 3),
(2012, 'ARM', 'Armenia', 7.33, 7.75, 7.54, 50, 2),
(2012, 'AUS', 'Australia', 9.19, 7.96, 8.57, 6, 1),
(2012, 'AUT', 'Austria', 9.31, 7.62, 8.47, 12, 1),
(2012, 'AZE', 'Azerbaijan', 5.95, 6.32, 6.13, 123, 4),
(2012, 'BHS', 'Bahamas', 7.44, 7.31, 7.37, 55, 2),
(2012, 'BHR', 'Bahrain', 5.84, 7.33, 6.59, 95, 3),
(2012, 'BGD', 'Bangladesh', 5.45, 6.24, 5.85, 132, 4),
(2012, 'BRD', 'Barbados', 8.05, 6.67, 7.36, 56, 2),
(2012, 'BEL', 'Belgium', 9.09, 7.35, 8.22, 22, 1),
(2012, 'BLZ', 'Belize', 7.23, 6.64, 6.93, 75, 2),
(2012, 'BEN', 'Benin', 7.05, 5.74, 6.39, 111, 3),
(2012, 'BTN', 'Bhutan', 0, 0, 0, 0, 0),
(2012, 'BOL', 'Bolivia', 7.62, 6.38, 7, 70, 2),
(2012, 'BIH', 'Bosnia and Herzegovina', 7.91, 6.79, 7.35, 57, 2),
(2012, 'BWA', 'Botswana', 6.26, 7.25, 6.76, 85, 3),
(2012, 'BRA', 'Brazil', 7.44, 6.24, 6.84, 82, 3),
(2012, 'BRN', 'Brunei Darussalam', 6.63, 7.07, 6.85, 81, 3),
(2012, 'BGR', 'Bulgaria', 8.28, 7.37, 7.83, 43, 2),
(2012, 'BFA', 'Burkina Faso', 7.18, 5.81, 6.5, 101, 3),
(2012, 'BDI', 'Burundi', 5.96, 5.22, 5.59, 136, 4),
(2012, 'KHM', 'Cambodia', 7.15, 6.92, 7.03, 66, 2),
(2012, 'CMR', 'Cameroon', 6.01, 6.23, 6.12, 124, 4),
(2012, 'CAN', 'Canada', 9.21, 7.99, 8.6, 5, 1),
(2012, 'CPV', 'Cape Verde', 8.22, 6.56, 7.39, 54, 2),
(2012, 'CAF', 'Central African Republic', 5.03, 4.93, 4.98, 148, 4),
(2012, 'TCD', 'Chad', 5.59, 4.72, 5.15, 145, 4),
(2012, 'CHL', 'Chile', 8.16, 7.81, 7.99, 34, 1),
(2012, 'CHN', 'China', 5.52, 6.36, 5.94, 128, 4),
(2012, 'COL', 'Colombia', 5.99, 6.62, 6.3, 116, 4),
(2012, 'COD', 'Congo, Democratic Republic of', 4.14, 5.22, 4.68, 152, 4),
(2012, 'COG', 'Congo, Republic of', 6.2, 4.4, 5.3, 142, 4),
(2012, 'CRI', 'Costa Rica', 8.24, 7.53, 7.89, 39, 2),
(2012, 'CIV', 'Cote d Ivoire', 6.21, 5.64, 5.93, 129, 4),
(2012, 'HRV', 'Croatia', 8.43, 6.93, 7.68, 44, 2),
(2012, 'CYP', 'Cyprus', 8.51, 7.47, 7.99, 34, 1),
(2012, 'CZE', 'Czech Republic', 9.06, 7.42, 8.24, 21, 1),
(2012, 'DNK', 'Denmark', 9.51, 7.56, 8.54, 7, 1),
(2012, 'DOM', 'Dominican Republic', 7.02, 7.03, 7.02, 68, 2),
(2012, 'ECU', 'Ecuador', 7.38, 5.93, 6.66, 91, 3),
(2012, 'EGY', 'Egypt', 5.04, 6.14, 5.59, 136, 4),
(2012, 'SLV', 'El Salvador', 7.17, 7.09, 7.13, 60, 2),
(2012, 'EST', 'Estonia', 8.93, 7.68, 8.3, 16, 1),
(2012, 'ETH', 'Ethiopia', 4.99, 5.58, 5.29, 143, 4),
(2012, 'FJI', 'Fiji', 7.29, 7, 7.15, 59, 2),
(2012, 'FIN', 'Finland', 9.44, 7.81, 8.62, 4, 1),
(2012, 'FRA', 'France', 8.72, 7.27, 8, 33, 1),
(2012, 'GAB', 'Gabon', 6.1, 5.37, 5.73, 134, 4),
(2012, 'GMB', 'Gambia, The', 6.07, 6.87, 6.47, 104, 3),
(2012, 'GEO', 'Georgia', 7.33, 7.75, 7.54, 50, 2),
(2012, 'DEU', 'Germany', 9.25, 7.64, 8.44, 13, 1),
(2012, 'GHA', 'Ghana', 7.51, 6.44, 6.98, 72, 2),
(2012, 'GRC', 'Greece', 8.5, 6.67, 7.58, 48, 2),
(2012, 'GTM', 'Guatemala', 5.93, 7.41, 6.67, 90, 3),
(2012, 'GIN', 'Guinea', 0, 0, 0, 0, 0),
(2012, 'GNB', 'GuineaBissau', 6.02, 5.96, 5.99, 127, 4),
(2012, 'GUY', 'Guyana', 7.76, 6.3, 7.03, 66, 2),
(2012, 'HTI', 'Haiti', 6.94, 6, 6.47, 104, 3),
(2012, 'HND', 'Honduras', 5.85, 7.16, 6.5, 101, 3),
(2012, 'HKG', 'Hong Kong', 9.07, 8.96, 9.01, 1, 1),
(2012, 'HUN', 'Hungary', 8.54, 7.33, 7.93, 38, 1),
(2012, 'ISL', 'Iceland', 9.3, 6.89, 8.09, 28, 1),
(2012, 'IND', 'India', 7.24, 6.54, 6.89, 79, 3),
(2012, 'IDN', 'Indonesia', 6.98, 6.84, 6.91, 78, 3),
(2012, 'IRN', 'Iran', 3.88, 4.96, 4.42, 153, 4),
(2012, 'IRL', 'Ireland', 9.07, 7.98, 8.52, 9, 1),
(2012, 'ISR', 'Israel', 7.83, 7.37, 7.6, 46, 2),
(2012, 'ITA', 'Italy', 8.8, 7.22, 8.01, 31, 1),
(2012, 'JAM', 'Jamaica', 7.01, 7.14, 7.07, 64, 2),
(2012, 'JPN', 'Japan', 8.86, 7.66, 8.26, 20, 1),
(2012, 'JOR', 'Jordan', 6.18, 7.56, 6.87, 80, 3),
(2012, 'KAZ', 'Kazakhstan', 6.32, 7.14, 6.73, 87, 3),
(2012, 'KEN', 'Kenya', 6.05, 7.09, 6.57, 96, 3),
(2012, 'KOR', 'Korea, Republic of', 8.68, 7.45, 8.06, 30, 1),
(2012, 'KWT', 'Kuwait', 6.15, 6.93, 6.54, 99, 3),
(2012, 'KGZ', 'Kyrgyz Republic', 6.15, 6.67, 6.41, 110, 3),
(2012, 'LAO', 'Laos', 0, 0, 0, 0, 0),
(2012, 'LVA', 'Latvia', 8.72, 7.56, 8.14, 23, 1),
(2012, 'LBN', 'Lebanon', 6.35, 6.96, 6.66, 91, 3),
(2012, 'LSO', 'Lesotho', 6.47, 6.19, 6.33, 113, 3),
(2012, 'LBR', 'Liberia', 0, 0, 0, 0, 0),
(2012, 'LBY', 'Libya', 0, 0, 0, 0, 0),
(2012, 'LTU', 'Lithuania', 8.72, 7.52, 8.12, 27, 1),
(2012, 'LUX', 'Luxembourg', 9.15, 7.46, 8.3, 16, 1),
(2012, 'MKD', 'Macedonia', 8.44, 7.23, 7.84, 42, 2),
(2012, 'MDG', 'Madagascar', 7.41, 6.45, 6.93, 75, 2),
(2012, 'MWI', 'Malawi', 7.18, 6.18, 6.68, 89, 3),
(2012, 'MYS', 'Malaysia', 6.15, 6.85, 6.5, 101, 3),
(2012, 'MLI', 'Mali', 5.88, 5.99, 5.93, 129, 4),
(2012, 'MLT', 'Malta', 8.92, 7.63, 8.28, 18, 1),
(2012, 'MRT', 'Mauritania', 5.96, 5.68, 5.82, 133, 4),
(2012, 'MUS', 'Mauritius', 8.55, 8.15, 8.35, 14, 1),
(2012, 'MEX', 'Mexico', 6.36, 6.78, 6.57, 96, 3),
(2012, 'MDA', 'Moldova', 7.43, 6.64, 7.04, 65, 2),
(2012, 'MNG', 'Mongolia', 7.85, 7.02, 7.44, 52, 2),
(2012, 'MNE', 'Montenegro', 8.08, 7.25, 7.66, 45, 2),
(2012, 'MAR', 'Morocco', 6.28, 6.34, 6.31, 115, 3),
(2012, 'MOZ', 'Mozambique', 6.47, 5.93, 6.2, 122, 4),
(2012, 'MMR', 'Myanmar', 4.45, 5.09, 4.77, 151, 4),
(2012, 'NAM', 'Namibia', 7.13, 6.77, 6.95, 73, 2),
(2012, 'NPL', 'Nepal', 7.29, 6.12, 6.7, 88, 3),
(2012, 'NLD', 'Netherlands', 9.15, 7.54, 8.34, 15, 1),
(2012, 'NZL', 'New Zealand', 9.09, 8.47, 8.78, 3, 1),
(2012, 'NIC', 'Nicaragua', 6.5, 7.36, 6.93, 75, 2),
(2012, 'NER', 'Niger', 6.58, 5.55, 6.06, 126, 4),
(2012, 'NGA', 'Nigeria', 4.88, 6.22, 5.55, 138, 4),
(2012, 'NOR', 'Norway', 9.49, 7.58, 8.54, 7, 1),
(2012, 'OMN', 'Oman', 5.71, 7.04, 6.37, 112, 3),
(2012, 'PAK', 'Pakistan', 4.86, 6.15, 5.5, 139, 4),
(2012, 'PAN', 'Panama', 7.77, 7.34, 7.56, 49, 2),
(2012, 'PNG', 'Papua New Guinea', 6.19, 6.91, 6.55, 98, 3),
(2012, 'PRY', 'Paraguay', 7.32, 6.89, 7.11, 62, 2),
(2012, 'PER', 'Peru', 7.62, 7.57, 7.59, 47, 2),
(2012, 'PHL', 'Philippines', 6.9, 7.31, 7.1, 63, 2),
(2012, 'POL', 'Poland', 8.95, 7.32, 8.13, 26, 1),
(2012, 'PRT', 'Portugal', 8.97, 7.31, 8.14, 23, 1),
(2012, 'QAT', 'Qatar', 5.17, 7.5, 6.33, 113, 3),
(2012, 'ROU', 'Romania', 8.52, 7.47, 7.99, 34, 1),
(2012, 'RUS', 'Russia', 6.3, 6.64, 6.47, 104, 3),
(2012, 'RWA', 'Rwanda', 5.6, 7.32, 6.46, 108, 3),
(2012, 'SAU', 'Saudi Arabia', 4.29, 6.42, 5.35, 141, 4),
(2012, 'SEN', 'Senegal', 6.59, 5.9, 6.24, 119, 4),
(2012, 'SRB', 'Serbia', 7.46, 6.55, 7.01, 69, 2),
(2012, 'SYC', 'Seychelles', 0, 0, 0, 0, 0),
(2012, 'SLE', 'Sierra Leone', 5.97, 6.27, 6.12, 124, 4),
(2012, 'SGP', 'Singapore', 7.13, 8.59, 7.86, 41, 2),
(2012, 'SVK', 'Slovakia', 8.77, 7.38, 8.08, 29, 1),
(2012, 'SVN', 'Slovenia', 8.95, 6.84, 7.89, 39, 2),
(2012, 'ZAF', 'South Africa', 7.22, 6.78, 7, 70, 2),
(2012, 'ESP', 'Spain', 8.67, 7.35, 8.01, 31, 1),
(2012, 'LKA', 'Sri Lanka', 5.73, 6.73, 6.23, 121, 4),
(2012, 'SUR', 'Suriname', 7.7, 6.64, 7.17, 58, 2),
(2012, 'SWZ', 'Swaziland', 5.16, 6.58, 5.87, 131, 4),
(2012, 'SWE', 'Sweden', 9.47, 7.48, 8.48, 11, 1),
(2012, 'CHE', 'Switzerland', 9.34, 8.27, 8.81, 2, 1),
(2012, 'SYR', 'Syria', 4.48, 5.36, 4.92, 150, 4),
(2012, 'TWN', 'Taiwan', 8.57, 7.71, 8.14, 23, 1),
(2012, 'TJK', 'Tajikistan', 6.74, 6.59, 6.66, 91, 3),
(2012, 'TZA', 'Tanzania', 6.42, 6.62, 6.52, 100, 3),
(2012, 'THA', 'Thailand', 6.93, 6.58, 6.75, 86, 3),
(2012, 'TLS', 'TimorLeste', 6.64, 6.29, 6.47, 104, 3),
(2012, 'TGO', 'Togo', 5.44, 5.33, 5.38, 140, 4),
(2012, 'TTO', 'Trinidad and Tobago', 6.99, 6.6, 6.79, 84, 3),
(2012, 'TUN', 'Tunisia', 6.12, 6.4, 6.26, 118, 4),
(2012, 'TUR', 'Turkey', 7.23, 7.01, 7.12, 61, 2),
(2012, 'UGA', 'Uganda', 5.73, 7.13, 6.43, 109, 3),
(2012, 'UKR', 'Ukraine', 7.65, 6.24, 6.94, 74, 2),
(2012, 'ARE', 'United Arab Emirates', 4.73, 7.76, 6.24, 119, 4),
(2012, 'GBR', 'United Kingdom', 9.09, 7.9, 8.49, 10, 1),
(2012, 'USA', 'United States', 8.65, 7.88, 8.27, 19, 1),
(2012, 'URY', 'Uruguay', 8.6, 7.34, 7.97, 37, 1),
(2012, 'VEN', 'Venezuela', 6.66, 3.82, 5.24, 144, 4),
(2012, 'VNM', 'Vietnam', 6.14, 6.4, 6.27, 117, 4),
(2012, 'YEM', 'Yemen, Rep.', 3.82, 6.17, 4.99, 147, 4),
(2012, 'ZMB', 'Zambia', 6.41, 7.19, 6.8, 83, 3),
(2012, 'ZWE', 'Zimbabwe', 4.92, 4.99, 4.95, 149, 4),
(2011, 'ALB', 'Albania', 7.78, 7.24, 7.51, 52, 2),
(2011, 'DZA', 'Algeria', 5.34, 5.06, 5.2, 147, 4),
(2011, 'AGO', 'Angola', 5.3, 5.16, 5.23, 146, 4),
(2011, 'ARG', 'Argentina', 8.25, 5.58, 6.92, 82, 3),
(2011, 'ARM', 'Armenia', 7.36, 7.71, 7.54, 50, 2),
(2011, 'AUS', 'Australia', 9.22, 8.01, 8.61, 6, 1),
(2011, 'AUT', 'Austria', 9.21, 7.65, 8.43, 13, 1),
(2011, 'AZE', 'Azerbaijan', 6.03, 6.15, 6.09, 126, 4),
(2011, 'BHS', 'Bahamas', 7.53, 7.32, 7.42, 53, 2),
(2011, 'BHR', 'Bahrain', 6.1, 7.49, 6.79, 90, 3),
(2011, 'BGD', 'Bangladesh', 5.59, 6.34, 5.97, 128, 4),
(2011, 'BRD', 'Barbados', 8.03, 6.63, 7.33, 56, 2),
(2011, 'BEL', 'Belgium', 9.12, 7.38, 8.25, 19, 1),
(2011, 'BLZ', 'Belize', 7.4, 6.61, 7, 72, 2),
(2011, 'BEN', 'Benin', 7.12, 6, 6.56, 108, 3),
(2011, 'BTN', 'Bhutan', 0, 0, 0, 0, 0),
(2011, 'BOL', 'Bolivia', 7.66, 6.31, 6.98, 74, 2),
(2011, 'BIH', 'Bosnia and Herzegovina', 8.01, 6.7, 7.35, 55, 2),
(2011, 'BWA', 'Botswana', 6.4, 7.22, 6.81, 87, 3),
(2011, 'BRA', 'Brazil', 7.68, 6.45, 7.07, 65, 2),
(2011, 'BRN', 'Brunei Darussalam', 6.69, 6.92, 6.8, 89, 3),
(2011, 'BGR', 'Bulgaria', 8.37, 7.37, 7.87, 41, 2),
(2011, 'BFA', 'Burkina Faso', 7.29, 5.95, 6.62, 99, 3),
(2011, 'BDI', 'Burundi', 5.99, 5.23, 5.61, 139, 4),
(2011, 'KHM', 'Cambodia', 7.32, 6.98, 7.15, 60, 2),
(2011, 'CMR', 'Cameroon', 6, 6.21, 6.11, 125, 4),
(2011, 'CAN', 'Canada', 9.28, 7.95, 8.62, 5, 1),
(2011, 'CPV', 'Cape Verde', 8.1, 6.53, 7.31, 57, 2),
(2011, 'CAF', 'Central African Republic', 5.14, 4.94, 5.04, 148, 4),
(2011, 'TCD', 'Chad', 5.69, 4.97, 5.33, 143, 4),
(2011, 'CHL', 'Chile', 8.22, 7.91, 8.06, 33, 1),
(2011, 'CHN', 'China', 5.63, 6.3, 5.97, 128, 4),
(2011, 'COL', 'Colombia', 6.54, 6.62, 6.58, 106, 3),
(2011, 'COD', 'Congo, Democratic Republic of', 4.35, 5.27, 4.81, 152, 4),
(2011, 'COG', 'Congo, Republic of', 6.21, 4.44, 5.33, 143, 4),
(2011, 'CRI', 'Costa Rica', 8.26, 7.57, 7.92, 40, 2),
(2011, 'CIV', 'Cote d Ivoire', 6.01, 5.7, 5.86, 133, 4),
(2011, 'HRV', 'Croatia', 8.48, 6.9, 7.69, 45, 2),
(2011, 'CYP', 'Cyprus', 8.65, 7.67, 8.16, 24, 1),
(2011, 'CZE', 'Czech Republic', 9.06, 7.26, 8.16, 24, 1),
(2011, 'DNK', 'Denmark', 9.5, 7.71, 8.61, 6, 1),
(2011, 'DOM', 'Dominican Republic', 6.95, 7.18, 7.07, 65, 2),
(2011, 'ECU', 'Ecuador', 7.52, 5.78, 6.65, 96, 3),
(2011, 'EGY', 'Egypt', 5.22, 6.18, 5.7, 135, 4),
(2011, 'SLV', 'El Salvador', 6.81, 7.14, 6.97, 75, 2),
(2011, 'EST', 'Estonia', 8.92, 7.74, 8.33, 17, 1),
(2011, 'ETH', 'Ethiopia', 5.46, 5.16, 5.31, 145, 4),
(2011, 'FJI', 'Fiji', 7.3, 7.09, 7.19, 59, 2),
(2011, 'FIN', 'Finland', 9.47, 7.87, 8.67, 4, 1),
(2011, 'FRA', 'France', 8.78, 7.33, 8.05, 34, 1),
(2011, 'GAB', 'Gabon', 6.17, 5.44, 5.8, 134, 4),
(2011, 'GMB', 'Gambia, The', 6.18, 7.04, 6.61, 101, 3),
(2011, 'GEO', 'Georgia', 7.47, 7.64, 7.56, 49, 2),
(2011, 'DEU', 'Germany', 9.28, 7.68, 8.48, 10, 1),
(2011, 'GHA', 'Ghana', 7.53, 6.76, 7.15, 60, 2),
(2011, 'GRC', 'Greece', 8.72, 6.69, 7.7, 44, 2),
(2011, 'GTM', 'Guatemala', 5.91, 7.22, 6.57, 107, 3),
(2011, 'GIN', 'Guinea', 0, 0, 0, 0, 0),
(2011, 'GNB', 'GuineaBissau', 6.32, 5.62, 5.97, 128, 4),
(2011, 'GUY', 'Guyana', 7.88, 6.31, 7.1, 63, 2),
(2011, 'HTI', 'Haiti', 7.08, 6.29, 6.69, 94, 3),
(2011, 'HND', 'Honduras', 6.05, 7.28, 6.66, 95, 3),
(2011, 'HKG', 'Hong Kong', 9.1, 8.99, 9.04, 1, 1),
(2011, 'HUN', 'Hungary', 8.72, 7.38, 8.05, 34, 1),
(2011, 'ISL', 'Iceland', 9.33, 6.81, 8.07, 32, 1),
(2011, 'IND', 'India', 7.33, 6.57, 6.95, 78, 3),
(2011, 'IDN', 'Indonesia', 7.07, 6.87, 6.97, 75, 2),
(2011, 'IRN', 'Iran', 4.02, 5.63, 4.82, 151, 4),
(2011, 'IRL', 'Ireland', 9.13, 7.83, 8.48, 10, 1),
(2011, 'ISR', 'Israel', 7.91, 7.35, 7.63, 47, 2),
(2011, 'ITA', 'Italy', 8.82, 7.22, 8.02, 37, 1),
(2011, 'JAM', 'Jamaica', 7.02, 7, 7.01, 71, 2),
(2011, 'JPN', 'Japan', 8.88, 7.49, 8.18, 22, 1),
(2011, 'JOR', 'Jordan', 6.16, 7.48, 6.82, 86, 3),
(2011, 'KAZ', 'Kazakhstan', 6.33, 6.97, 6.65, 96, 3),
(2011, 'KEN', 'Kenya', 6.55, 6.94, 6.74, 92, 3),
(2011, 'KOR', 'Korea, Republic of', 8.65, 7.52, 8.08, 31, 1),
(2011, 'KWT', 'Kuwait', 6.27, 6.93, 6.6, 102, 3),
(2011, 'KGZ', 'Kyrgyz Republic', 6.19, 6.62, 6.4, 113, 3),
(2011, 'LAO', 'Laos', 0, 0, 0, 0, 0),
(2011, 'LVA', 'Latvia', 8.84, 7.34, 8.09, 30, 1),
(2011, 'LBN', 'Lebanon', 6.76, 7.18, 6.97, 75, 2),
(2011, 'LSO', 'Lesotho', 6.57, 6.21, 6.39, 114, 3),
(2011, 'LBR', 'Liberia', 0, 0, 0, 0, 0),
(2011, 'LBY', 'Libya', 0, 0, 0, 0, 0),
(2011, 'LTU', 'Lithuania', 8.76, 7.5, 8.13, 28, 1),
(2011, 'LUX', 'Luxembourg', 9.2, 7.48, 8.34, 16, 1),
(2011, 'MKD', 'Macedonia', 8.35, 7.11, 7.73, 43, 2),
(2011, 'MDG', 'Madagascar', 7.27, 6.17, 6.72, 93, 3),
(2011, 'MWI', 'Malawi', 7.47, 6.52, 6.99, 73, 2),
(2011, 'MYS', 'Malaysia', 6.38, 6.86, 6.62, 99, 3),
(2011, 'MLI', 'Mali', 6.5, 5.92, 6.21, 122, 4),
(2011, 'MLT', 'Malta', 9.08, 7.67, 8.37, 15, 1),
(2011, 'MRT', 'Mauritania', 6, 5.78, 5.89, 132, 4),
(2011, 'MUS', 'Mauritius', 8.56, 8.05, 8.31, 18, 1),
(2011, 'MEX', 'Mexico', 6.81, 6.75, 6.78, 91, 3),
(2011, 'MDA', 'Moldova', 7.43, 6.7, 7.06, 67, 2),
(2011, 'MNG', 'Mongolia', 7.89, 7.17, 7.53, 51, 2),
(2011, 'MNE', 'Montenegro', 8.15, 7.14, 7.64, 46, 2),
(2011, 'MAR', 'Morocco', 6.35, 6.47, 6.41, 112, 3),
(2011, 'MOZ', 'Mozambique', 6.61, 5.77, 6.19, 123, 4),
(2011, 'MMR', 'Myanmar', 4.6, 4.2, 4.4, 153, 4),
(2011, 'NAM', 'Namibia', 7.3, 6.58, 6.94, 80, 3),
(2011, 'NPL', 'Nepal', 7.5, 6.12, 6.81, 87, 3),
(2011, 'NLD', 'Netherlands', 9.2, 7.58, 8.39, 14, 1),
(2011, 'NZL', 'New Zealand', 9.18, 8.39, 8.79, 3, 1),
(2011, 'NIC', 'Nicaragua', 6.6, 7.31, 6.95, 78, 3),
(2011, 'NER', 'Niger', 6.72, 5.89, 6.3, 118, 4),
(2011, 'NGA', 'Nigeria', 4.98, 6.34, 5.66, 137, 4),
(2011, 'NOR', 'Norway', 9.35, 7.56, 8.46, 12, 1),
(2011, 'OMN', 'Oman', 5.77, 6.91, 6.34, 116, 4),
(2011, 'PAK', 'Pakistan', 5.01, 6.23, 5.62, 138, 4),
(2011, 'PAN', 'Panama', 7.6, 7.13, 7.36, 54, 2),
(2011, 'PNG', 'Papua New Guinea', 6.27, 6.93, 6.6, 102, 3),
(2011, 'PRY', 'Paraguay', 7.25, 6.8, 7.03, 70, 2),
(2011, 'PER', 'Peru', 7.63, 7.62, 7.63, 47, 2),
(2011, 'PHL', 'Philippines', 7.02, 7.27, 7.15, 60, 2),
(2011, 'POL', 'Poland', 9.13, 7.24, 8.19, 21, 1),
(2011, 'PRT', 'Portugal', 9.02, 7.27, 8.14, 27, 1),
(2011, 'QAT', 'Qatar', 5.13, 7.23, 6.18, 124, 4),
(2011, 'ROU', 'Romania', 8.56, 7.34, 7.95, 38, 1),
(2011, 'RUS', 'Russia', 6.36, 6.56, 6.46, 110, 3),
(2011, 'RWA', 'Rwanda', 5.64, 7.45, 6.54, 109, 3),
(2011, 'SAU', 'Saudi Arabia', 4.35, 6.67, 5.51, 140, 4),
(2011, 'SEN', 'Senegal', 6.62, 5.9, 6.26, 119, 4),
(2011, 'SRB', 'Serbia', 7.48, 6.64, 7.06, 67, 2),
(2011, 'SYC', 'Seychelles', 0, 0, 0, 0, 0),
(2011, 'SLE', 'Sierra Leone', 5.96, 6.18, 6.07, 127, 4),
(2011, 'SGP', 'Singapore', 7.18, 8.71, 7.94, 39, 2),
(2011, 'SVK', 'Slovakia', 8.83, 7.48, 8.15, 26, 1),
(2011, 'SVN', 'Slovenia', 8.91, 6.83, 7.87, 41, 2),
(2011, 'ZAF', 'South Africa', 7.3, 6.82, 7.06, 67, 2),
(2011, 'ESP', 'Spain', 8.79, 7.45, 8.12, 29, 1),
(2011, 'LKA', 'Sri Lanka', 5.97, 6.77, 6.37, 115, 3),
(2011, 'SUR', 'Suriname', 7.81, 6.35, 7.08, 64, 2),
(2011, 'SWZ', 'Swaziland', 5.21, 6.64, 5.93, 131, 4),
(2011, 'SWE', 'Sweden', 9.47, 7.57, 8.52, 8, 1),
(2011, 'CHE', 'Switzerland', 9.35, 8.3, 8.82, 2, 1),
(2011, 'SYR', 'Syria', 5.1, 6.28, 5.69, 136, 4),
(2011, 'TWN', 'Taiwan', 8.64, 7.71, 8.17, 23, 1),
(2011, 'TJK', 'Tajikistan', 6.82, 6.39, 6.6, 102, 3),
(2011, 'TZA', 'Tanzania', 6.55, 6.76, 6.65, 96, 3),
(2011, 'THA', 'Thailand', 7.17, 6.59, 6.88, 84, 3),
(2011, 'TLS', 'TimorLeste', 6.8, 6.39, 6.59, 105, 3),
(2011, 'TGO', 'Togo', 5.56, 5.42, 5.49, 141, 4),
(2011, 'TTO', 'Trinidad and Tobago', 7.01, 6.65, 6.83, 85, 3),
(2011, 'TUN', 'Tunisia', 6.13, 6.48, 6.31, 117, 4),
(2011, 'TUR', 'Turkey', 7.44, 7.05, 7.25, 58, 2),
(2011, 'UGA', 'Uganda', 5.79, 7.06, 6.42, 111, 3),
(2011, 'UKR', 'Ukraine', 7.73, 6.15, 6.94, 80, 3),
(2011, 'ARE', 'United Arab Emirates', 4.69, 7.75, 6.22, 121, 4),
(2011, 'GBR', 'United Kingdom', 9.14, 7.87, 8.51, 9, 1),
(2011, 'USA', 'United States', 8.74, 7.76, 8.25, 19, 1),
(2011, 'URY', 'Uruguay', 8.72, 7.39, 8.05, 34, 1),
(2011, 'VEN', 'Venezuela', 6.79, 3.91, 5.35, 142, 4),
(2011, 'VNM', 'Vietnam', 6.27, 6.24, 6.25, 120, 4),
(2011, 'YEM', 'Yemen, Rep.', 3.74, 6.19, 4.96, 150, 4),
(2011, 'ZMB', 'Zambia', 6.48, 7.34, 6.91, 83, 3),
(2011, 'ZWE', 'Zimbabwe', 4.99, 4.95, 4.97, 149, 4),
(2010, 'ALB', 'Albania', 7.77, 7.35, 7.56, 47, 2),
(2010, 'DZA', 'Algeria', 5.14, 5.07, 5.1, 150, 4),
(2010, 'AGO', 'Angola', 4.93, 5.16, 5.04, 151, 4),
(2010, 'ARG', 'Argentina', 8.32, 5.59, 6.95, 75, 2),
(2010, 'ARM', 'Armenia', 7.43, 7.56, 7.5, 50, 2),
(2010, 'AUS', 'Australia', 9.29, 8.02, 8.65, 4, 1),
(2010, 'AUT', 'Austria', 9.09, 7.62, 8.35, 15, 1),
(2010, 'AZE', 'Azerbaijan', 6.56, 5.97, 6.27, 121, 4),
(2010, 'BHS', 'Bahamas', 7.48, 7.38, 7.43, 51, 2),
(2010, 'BHR', 'Bahrain', 6.25, 7.47, 6.86, 83, 3),
(2010, 'BGD', 'Bangladesh', 5.56, 6.35, 5.96, 126, 4),
(2010, 'BRD', 'Barbados', 8.03, 6.63, 7.33, 55, 2),
(2010, 'BEL', 'Belgium', 9.14, 7.39, 8.27, 19, 1),
(2010, 'BLZ', 'Belize', 7.38, 6.52, 6.95, 75, 2),
(2010, 'BEN', 'Benin', 6.69, 6.05, 6.37, 117, 4),
(2010, 'BTN', 'Bhutan', 0, 0, 0, 0, 0),
(2010, 'BOL', 'Bolivia', 7.43, 6.35, 6.89, 80, 3),
(2010, 'BIH', 'Bosnia and Herzegovina', 8.2, 6.63, 7.42, 52, 2),
(2010, 'BWA', 'Botswana', 6.67, 7.02, 6.84, 85, 3),
(2010, 'BRA', 'Brazil', 7.81, 6.46, 7.13, 66, 2),
(2010, 'BRN', 'Brunei Darussalam', 6.46, 7.07, 6.76, 91, 3),
(2010, 'BGR', 'Bulgaria', 8.49, 7.3, 7.9, 40, 2),
(2010, 'BFA', 'Burkina Faso', 7.3, 5.93, 6.62, 100, 3),
(2010, 'BDI', 'Burundi', 6.12, 5.18, 5.65, 138, 4),
(2010, 'KHM', 'Cambodia', 7.53, 7.08, 7.31, 56, 2),
(2010, 'CMR', 'Cameroon', 5.61, 6.19, 5.9, 127, 4),
(2010, 'CAN', 'Canada', 9.29, 8.01, 8.65, 4, 1),
(2010, 'CPV', 'Cape Verde', 8.21, 6.38, 7.3, 57, 2),
(2010, 'CAF', 'Central African Republic', 5.72, 5.04, 5.38, 147, 4),
(2010, 'TCD', 'Chad', 5.79, 5.44, 5.61, 140, 4),
(2010, 'CHL', 'Chile', 8.19, 7.89, 8.04, 32, 1),
(2010, 'CHN', 'China', 5.43, 6.24, 5.83, 132, 4),
(2010, 'COL', 'Colombia', 7, 6.54, 6.77, 89, 3),
(2010, 'COD', 'Congo, Democratic Republic of', 5.54, 5.29, 5.41, 146, 4),
(2010, 'COG', 'Congo, Republic of', 6.59, 4.64, 5.62, 139, 4),
(2010, 'CRI', 'Costa Rica', 8.09, 7.28, 7.69, 46, 2),
(2010, 'CIV', 'Cote d Ivoire', 5.76, 5.69, 5.73, 135, 4),
(2010, 'HRV', 'Croatia', 8.15, 6.68, 7.41, 53, 2),
(2010, 'CYP', 'Cyprus', 8.99, 7.73, 8.36, 13, 1),
(2010, 'CZE', 'Czech Republic', 9.12, 7.22, 8.17, 25, 1),
(2010, 'DNK', 'Denmark', 9.51, 7.77, 8.64, 7, 1),
(2010, 'DOM', 'Dominican Republic', 6.94, 7.16, 7.05, 70, 2),
(2010, 'ECU', 'Ecuador', 7.45, 5.77, 6.61, 101, 3),
(2010, 'EGY', 'Egypt', 5.42, 6.35, 5.89, 128, 4),
(2010, 'SLV', 'El Salvador', 7.23, 7.21, 7.22, 62, 2),
(2010, 'EST', 'Estonia', 9.08, 7.82, 8.45, 10, 1),
(2010, 'ETH', 'Ethiopia', 5.24, 5.6, 5.42, 145, 4),
(2010, 'FJI', 'Fiji', 7.3, 6.93, 7.11, 67, 2),
(2010, 'FIN', 'Finland', 9.52, 7.79, 8.65, 4, 1),
(2010, 'FRA', 'France', 8.82, 7.42, 8.12, 27, 1),
(2010, 'GAB', 'Gabon', 6.03, 5.54, 5.79, 134, 4),
(2010, 'GMB', 'Gambia, The', 5.56, 7.24, 6.4, 114, 3),
(2010, 'GEO', 'Georgia', 8.14, 7.5, 7.82, 42, 2),
(2010, 'DEU', 'Germany', 9.14, 7.59, 8.36, 13, 1),
(2010, 'GHA', 'Ghana', 7.45, 6.75, 7.1, 68, 2),
(2010, 'GRC', 'Greece', 8.64, 6.81, 7.72, 45, 2),
(2010, 'GTM', 'Guatemala', 7.26, 7.15, 7.21, 63, 2),
(2010, 'GIN', 'Guinea', 0, 0, 0, 0, 0),
(2010, 'GNB', 'GuineaBissau', 6.4, 5.05, 5.73, 135, 4),
(2010, 'GUY', 'Guyana', 7.23, 6.21, 6.72, 94, 3),
(2010, 'HTI', 'Haiti', 6.99, 6.21, 6.6, 102, 3),
(2010, 'HND', 'Honduras', 6.46, 7.21, 6.84, 85, 3),
(2010, 'HKG', 'Hong Kong', 9.07, 9.02, 9.05, 1, 1),
(2010, 'HUN', 'Hungary', 8.89, 7.31, 8.1, 28, 1),
(2010, 'ISL', 'Iceland', 9.19, 6.48, 7.84, 41, 2),
(2010, 'IND', 'India', 6.63, 6.39, 6.51, 110, 3),
(2010, 'IDN', 'Indonesia', 7.1, 6.85, 6.98, 74, 2),
(2010, 'IRN', 'Iran', 4.46, 5.91, 5.18, 148, 4),
(2010, 'IRL', 'Ireland', 8.97, 7.67, 8.32, 18, 1),
(2010, 'ISR', 'Israel', 8.51, 7.32, 7.92, 39, 2),
(2010, 'ITA', 'Italy', 8.83, 7.19, 8.01, 35, 1),
(2010, 'JAM', 'Jamaica', 7.22, 6.97, 7.1, 68, 2),
(2010, 'JPN', 'Japan', 8.78, 7.59, 8.19, 23, 1),
(2010, 'JOR', 'Jordan', 5.85, 7.45, 6.65, 97, 3),
(2010, 'KAZ', 'Kazakhstan', 6.87, 6.94, 6.91, 77, 3),
(2010, 'KEN', 'Kenya', 6.5, 6.92, 6.71, 95, 3),
(2010, 'KOR', 'Korea, Republic of', 8.87, 7.51, 8.19, 23, 1),
(2010, 'KWT', 'Kuwait', 6.25, 6.95, 6.6, 102, 3),
(2010, 'KGZ', 'Kyrgyz Republic', 6.18, 6.61, 6.39, 116, 4),
(2010, 'LAO', 'Laos', 0, 0, 0, 0, 0),
(2010, 'LVA', 'Latvia', 8.68, 7.23, 7.95, 37, 1),
(2010, 'LBN', 'Lebanon', 6.51, 7.21, 6.86, 83, 3),
(2010, 'LSO', 'Lesotho', 5.69, 6.08, 5.88, 130, 4),
(2010, 'LBR', 'Liberia', 0, 0, 0, 0, 0),
(2010, 'LBY', 'Libya', 0, 0, 0, 0, 0),
(2010, 'LTU', 'Lithuania', 8.68, 7.47, 8.07, 29, 1),
(2010, 'LUX', 'Luxembourg', 9.2, 7.53, 8.37, 12, 1),
(2010, 'MKD', 'Macedonia', 8.17, 6.93, 7.55, 48, 2),
(2010, 'MDG', 'Madagascar', 6.69, 6.38, 6.53, 108, 3),
(2010, 'MWI', 'Malawi', 7.27, 6.27, 6.77, 89, 3),
(2010, 'MYS', 'Malaysia', 6.22, 6.85, 6.54, 107, 3),
(2010, 'MLI', 'Mali', 6.76, 6.04, 6.4, 114, 3),
(2010, 'MLT', 'Malta', 9.1, 7.59, 8.34, 16, 1),
(2010, 'MRT', 'Mauritania', 5.95, 5.77, 5.86, 131, 4),
(2010, 'MUS', 'Mauritius', 8.43, 7.98, 8.21, 22, 1),
(2010, 'MEX', 'Mexico', 6.77, 6.74, 6.76, 91, 3),
(2010, 'MDA', 'Moldova', 7.19, 6.58, 6.89, 80, 3),
(2010, 'MNG', 'Mongolia', 7.51, 7.06, 7.29, 58, 2),
(2010, 'MNE', 'Montenegro', 8.21, 7.33, 7.77, 43, 2),
(2010, 'MAR', 'Morocco', 6.25, 6.41, 6.33, 119, 4),
(2010, 'MOZ', 'Mozambique', 6.09, 5.51, 5.8, 133, 4),
(2010, 'MMR', 'Myanmar', 5.57, 4.15, 4.86, 152, 4),
(2010, 'NAM', 'Namibia', 7.22, 6.87, 7.04, 71, 2),
(2010, 'NPL', 'Nepal', 7.57, 6.2, 6.88, 82, 3),
(2010, 'NLD', 'Netherlands', 9.18, 7.48, 8.33, 17, 1),
(2010, 'NZL', 'New Zealand', 9.43, 8.17, 8.8, 3, 1),
(2010, 'NIC', 'Nicaragua', 7.36, 7.18, 7.27, 60, 2),
(2010, 'NER', 'Niger', 7.2, 5.91, 6.55, 106, 3),
(2010, 'NGA', 'Nigeria', 5.65, 6.12, 5.89, 128, 4),
(2010, 'NOR', 'Norway', 9.57, 7.47, 8.52, 8, 1),
(2010, 'OMN', 'Oman', 5.33, 7.01, 6.17, 122, 4),
(2010, 'PAK', 'Pakistan', 4.79, 6.17, 5.48, 143, 4),
(2010, 'PAN', 'Panama', 7.46, 7.22, 7.34, 54, 2),
(2010, 'PNG', 'Papua New Guinea', 6.94, 6.87, 6.9, 79, 3),
(2010, 'PRY', 'Paraguay', 7.3, 6.74, 7.02, 72, 2),
(2010, 'PER', 'Peru', 7.45, 7.64, 7.55, 48, 2),
(2010, 'PHL', 'Philippines', 7.37, 7.09, 7.23, 61, 2),
(2010, 'POL', 'Poland', 8.97, 7.12, 8.04, 32, 1),
(2010, 'PRT', 'Portugal', 9.02, 7, 8.01, 35, 1),
(2010, 'QAT', 'Qatar', 4.82, 7.35, 6.08, 123, 4),
(2010, 'ROU', 'Romania', 8.76, 7.3, 8.03, 34, 1),
(2010, 'RUS', 'Russia', 6.63, 6.54, 6.59, 104, 3),
(2010, 'RWA', 'Rwanda', 6.04, 7.23, 6.64, 98, 3),
(2010, 'SAU', 'Saudi Arabia', 4.46, 6.71, 5.58, 141, 4),
(2010, 'SEN', 'Senegal', 6.66, 5.95, 6.31, 120, 4),
(2010, 'SRB', 'Serbia', 7.73, 6.56, 7.15, 65, 2),
(2010, 'SYC', 'Seychelles', 0, 0, 0, 0, 0),
(2010, 'SLE', 'Sierra Leone', 6.47, 6.22, 6.34, 118, 4),
(2010, 'SGP', 'Singapore', 7.42, 8.71, 8.07, 29, 1),
(2010, 'SVK', 'Slovakia', 8.8, 7.47, 8.14, 26, 1),
(2010, 'SVN', 'Slovenia', 8.63, 6.82, 7.73, 44, 2),
(2010, 'ZAF', 'South Africa', 6.83, 6.75, 6.79, 88, 3),
(2010, 'ESP', 'Spain', 9.19, 7.32, 8.25, 21, 1),
(2010, 'LKA', 'Sri Lanka', 6.56, 6.63, 6.59, 104, 3),
(2010, 'SUR', 'Suriname', 7.93, 6.64, 7.28, 59, 2),
(2010, 'SWZ', 'Swaziland', 5.6, 6.49, 6.04, 124, 4),
(2010, 'SWE', 'Sweden', 9.47, 7.58, 8.52, 8, 1),
(2010, 'CHE', 'Switzerland', 9.35, 8.32, 8.84, 2, 1),
(2010, 'SYR', 'Syria', 5.08, 5.96, 5.52, 142, 4),
(2010, 'TWN', 'Taiwan', 8.18, 7.7, 7.94, 38, 1),
(2010, 'TJK', 'Tajikistan', 7.53, 6.28, 6.91, 77, 3),
(2010, 'TZA', 'Tanzania', 6.36, 6.7, 6.53, 108, 3),
(2010, 'THA', 'Thailand', 7.78, 6.65, 7.21, 63, 2),
(2010, 'TLS', 'TimorLeste', 7.48, 5.42, 6.45, 112, 3),
(2010, 'TGO', 'Togo', 5.76, 5.55, 5.66, 137, 4),
(2010, 'TTO', 'Trinidad and Tobago', 6.84, 6.61, 6.73, 93, 3),
(2010, 'TUN', 'Tunisia', 5.6, 6.49, 6.04, 124, 4),
(2010, 'TUR', 'Turkey', 7.17, 6.87, 7.02, 72, 2),
(2010, 'UGA', 'Uganda', 5.63, 7.29, 6.46, 111, 3),
(2010, 'UKR', 'Ukraine', 7.75, 5.9, 6.83, 87, 3),
(2010, 'ARE', 'United Arab Emirates', 5.73, 7.63, 6.68, 96, 3),
(2010, 'GBR', 'United Kingdom', 9.05, 7.86, 8.45, 10, 1),
(2010, 'USA', 'United States', 8.74, 7.81, 8.27, 19, 1),
(2010, 'URY', 'Uruguay', 8.82, 7.33, 8.07, 29, 1),
(2010, 'VEN', 'Venezuela', 6.34, 3.96, 5.15, 149, 4),
(2010, 'VNM', 'Vietnam', 6.57, 6.33, 6.45, 112, 3),
(2010, 'YEM', 'Yemen, Rep.', 4.74, 6.12, 5.43, 144, 4),
(2010, 'ZMB', 'Zambia', 5.9, 7.35, 6.63, 99, 3),
(2010, 'ZWE', 'Zimbabwe', 5.19, 4.4, 4.8, 153, 4),
(2009, 'ALB', 'Albania', 7.87, 7.31, 7.59, 46, 2),
(2009, 'DZA', 'Algeria', 5.07, 5.18, 5.13, 138, 4),
(2009, 'AGO', 'Angola', 4.99, 5.14, 5.06, 139, 4),
(2009, 'ARG', 'Argentina', 8.23, 5.92, 7.07, 67, 2),
(2009, 'ARM', 'Armenia', 7.41, 7.55, 7.48, 50, 2),
(2009, 'AUS', 'Australia', 9.3, 7.97, 8.64, 3, 1),
(2009, 'AUT', 'Austria', 9.09, 7.66, 8.38, 14, 1),
(2009, 'AZE', 'Azerbaijan', 6.35, 6.06, 6.2, 113, 4),
(2009, 'BHS', 'Bahamas', 7.58, 7.49, 7.54, 48, 2),
(2009, 'BHR', 'Bahrain', 6.68, 7.29, 6.98, 71, 3),
(2009, 'BGD', 'Bangladesh', 5.56, 6.3, 5.93, 117, 4),
(2009, 'BRD', 'Barbados', 8.18, 6.56, 7.37, 55, 2),
(2009, 'BEL', 'Belgium', 9.15, 7.28, 8.21, 22, 1),
(2009, 'BLZ', 'Belize', 7.36, 7.07, 7.21, 61, 2),
(2009, 'BEN', 'Benin', 6.84, 6.1, 6.47, 102, 3),
(2009, 'BTN', 'Bhutan', 0, 0, 0, 0, 0),
(2009, 'BOL', 'Bolivia', 7.51, 6.3, 6.9, 80, 3),
(2009, 'BIH', 'Bosnia and Herzegovina', 8.23, 6.56, 7.39, 54, 2),
(2009, 'BWA', 'Botswana', 6.8, 6.76, 6.78, 86, 3),
(2009, 'BRA', 'Brazil', 7.8, 6.24, 7.02, 70, 2),
(2009, 'BRN', 'Brunei Darussalam', 0, 0, 0, 0, 0),
(2009, 'BGR', 'Bulgaria', 8.46, 7.29, 7.88, 40, 2),
(2009, 'BFA', 'Burkina Faso', 7.39, 5.9, 6.65, 95, 3),
(2009, 'BDI', 'Burundi', 6.81, 5.43, 6.12, 114, 4),
(2009, 'KHM', 'Cambodia', 0, 0, 0, 0, 0),
(2009, 'CMR', 'Cameroon', 5.86, 5.73, 5.8, 123, 4),
(2009, 'CAN', 'Canada', 9.16, 8.01, 8.59, 5, 1),
(2009, 'CPV', 'Cape Verde', 0, 0, 0, 0, 0),
(2009, 'CAF', 'Central African Republic', 5.83, 5.2, 5.52, 130, 4),
(2009, 'TCD', 'Chad', 5.55, 5.16, 5.36, 134, 4),
(2009, 'CHL', 'Chile', 8.18, 7.87, 8.03, 33, 1),
(2009, 'CHN', 'China', 5.43, 6.28, 5.86, 121, 4),
(2009, 'COL', 'Colombia', 6.9, 6.5, 6.7, 91, 3),
(2009, 'COD', 'Congo, Democratic Republic of', 5.94, 5.28, 5.61, 129, 4),
(2009, 'COG', 'Congo, Republic of', 6.52, 4.9, 5.71, 127, 4),
(2009, 'CRI', 'Costa Rica', 8.28, 7.37, 7.82, 43, 2),
(2009, 'CIV', 'Cote d Ivoire', 5.88, 5.69, 5.78, 126, 4),
(2009, 'HRV', 'Croatia', 8.41, 6.78, 7.59, 46, 2),
(2009, 'CYP', 'Cyprus', 8.96, 7.77, 8.37, 17, 1);

INSERT INTO `freedom` (`Year`, `ISO_Code`, `Country`, `PERSONAL_FREEDOM_Score`, `ECONOMIC_FREEDOM_Score`, `HUMAN_FREEDOM_Score`, `HUMAN_FREEDOM_Rank`, `HUMAN_FREEDOM_Quartile`) VALUES
(2009, 'CZE', 'Czech Republic', 9.18, 7.17, 8.17, 23, 1),
(2009, 'DNK', 'Denmark', 9.51, 7.66, 8.58, 7, 1),
(2009, 'DOM', 'Dominican Republic', 7.01, 6.95, 6.98, 71, 3),
(2009, 'ECU', 'Ecuador', 7.36, 5.82, 6.59, 97, 3),
(2009, 'EGY', 'Egypt', 5.38, 6.21, 5.79, 125, 4),
(2009, 'SLV', 'El Salvador', 7.27, 7.4, 7.33, 56, 2),
(2009, 'EST', 'Estonia', 9.07, 7.7, 8.39, 13, 1),
(2009, 'ETH', 'Ethiopia', 5.19, 5.78, 5.49, 132, 4),
(2009, 'FJI', 'Fiji', 7.56, 7.08, 7.32, 57, 2),
(2009, 'FIN', 'Finland', 9.44, 7.71, 8.58, 7, 1),
(2009, 'FRA', 'France', 9.05, 7.43, 8.24, 21, 1),
(2009, 'GAB', 'Gabon', 6.09, 5.8, 5.94, 116, 4),
(2009, 'GMB', 'Gambia, The', 0, 0, 0, 0, 0),
(2009, 'GEO', 'Georgia', 8.13, 7.41, 7.77, 44, 2),
(2009, 'DEU', 'Germany', 9.21, 7.55, 8.38, 14, 1),
(2009, 'GHA', 'Ghana', 7.63, 6.87, 7.25, 58, 2),
(2009, 'GRC', 'Greece', 8.74, 6.96, 7.85, 42, 2),
(2009, 'GTM', 'Guatemala', 7.19, 7.15, 7.17, 66, 2),
(2009, 'GIN', 'Guinea', 0, 0, 0, 0, 0),
(2009, 'GNB', 'GuineaBissau', 6.42, 5.19, 5.8, 123, 4),
(2009, 'GUY', 'Guyana', 7.28, 6.33, 6.81, 84, 3),
(2009, 'HTI', 'Haiti', 7.04, 6.79, 6.91, 78, 3),
(2009, 'HND', 'Honduras', 6.69, 7.16, 6.92, 77, 3),
(2009, 'HKG', 'Hong Kong', 9.11, 9.09, 9.1, 1, 1),
(2009, 'HUN', 'Hungary', 8.85, 7.27, 8.06, 30, 1),
(2009, 'ISL', 'Iceland', 9.33, 6.9, 8.11, 26, 1),
(2009, 'IND', 'India', 6.55, 6.39, 6.47, 102, 3),
(2009, 'IDN', 'Indonesia', 7.22, 6.55, 6.89, 81, 3),
(2009, 'IRN', 'Iran', 4.54, 5.91, 5.22, 137, 4),
(2009, 'IRL', 'Ireland', 9.11, 7.76, 8.44, 12, 1),
(2009, 'ISR', 'Israel', 7.81, 7.14, 7.48, 50, 2),
(2009, 'ITA', 'Italy', 8.84, 6.97, 7.91, 37, 2),
(2009, 'JAM', 'Jamaica', 6.8, 7.26, 7.03, 68, 2),
(2009, 'JPN', 'Japan', 8.82, 7.52, 8.17, 23, 1),
(2009, 'JOR', 'Jordan', 6.19, 7.23, 6.71, 90, 3),
(2009, 'KAZ', 'Kazakhstan', 6.79, 7.07, 6.93, 76, 3),
(2009, 'KEN', 'Kenya', 6.44, 6.9, 6.67, 92, 3),
(2009, 'KOR', 'Korea, Republic of', 8.89, 7.35, 8.12, 25, 1),
(2009, 'KWT', 'Kuwait', 6.23, 7.1, 6.67, 92, 3),
(2009, 'KGZ', 'Kyrgyz Republic', 6.91, 6.91, 6.91, 78, 3),
(2009, 'LAO', 'Laos', 0, 0, 0, 0, 0),
(2009, 'LVA', 'Latvia', 8.51, 7.28, 7.89, 39, 2),
(2009, 'LBN', 'Lebanon', 0, 0, 0, 0, 0),
(2009, 'LSO', 'Lesotho', 5.82, 6.03, 5.92, 118, 4),
(2009, 'LBR', 'Liberia', 0, 0, 0, 0, 0),
(2009, 'LBY', 'Libya', 0, 0, 0, 0, 0),
(2009, 'LTU', 'Lithuania', 8.59, 7.55, 8.07, 28, 1),
(2009, 'LUX', 'Luxembourg', 9.04, 7.51, 8.28, 18, 1),
(2009, 'MKD', 'Macedonia', 8.05, 6.89, 7.47, 52, 2),
(2009, 'MDG', 'Madagascar', 7.06, 6.25, 6.65, 95, 3),
(2009, 'MWI', 'Malawi', 7.39, 6.22, 6.81, 84, 3),
(2009, 'MYS', 'Malaysia', 6.48, 6.6, 6.54, 99, 3),
(2009, 'MLI', 'Mali', 6.61, 6.04, 6.32, 107, 4),
(2009, 'MLT', 'Malta', 9.12, 7.64, 8.38, 14, 1),
(2009, 'MRT', 'Mauritania', 5.74, 6.04, 5.89, 120, 4),
(2009, 'MUS', 'Mauritius', 8.25, 7.85, 8.05, 31, 1),
(2009, 'MEX', 'Mexico', 7.35, 6.6, 6.97, 74, 3),
(2009, 'MDA', 'Moldova', 7.75, 6.66, 7.21, 61, 2),
(2009, 'MNG', 'Mongolia', 7.39, 7.03, 7.21, 61, 2),
(2009, 'MNE', 'Montenegro', 8.25, 7.16, 7.71, 45, 2),
(2009, 'MAR', 'Morocco', 6.15, 6.26, 6.21, 111, 4),
(2009, 'MOZ', 'Mozambique', 6.24, 5.47, 5.85, 122, 4),
(2009, 'MMR', 'Myanmar', 6.25, 4.22, 5.23, 136, 4),
(2009, 'NAM', 'Namibia', 7.18, 6.88, 7.03, 68, 2),
(2009, 'NPL', 'Nepal', 7.46, 5.86, 6.66, 94, 3),
(2009, 'NLD', 'Netherlands', 9.47, 7.44, 8.45, 11, 1),
(2009, 'NZL', 'New Zealand', 9.13, 8.1, 8.62, 4, 1),
(2009, 'NIC', 'Nicaragua', 7.29, 7.09, 7.19, 65, 2),
(2009, 'NER', 'Niger', 7.11, 5.7, 6.4, 105, 3),
(2009, 'NGA', 'Nigeria', 5.91, 5.89, 5.9, 119, 4),
(2009, 'NOR', 'Norway', 9.58, 7.5, 8.54, 9, 1),
(2009, 'OMN', 'Oman', 5.46, 7.13, 6.29, 109, 4),
(2009, 'PAK', 'Pakistan', 4.87, 6.12, 5.49, 132, 4),
(2009, 'PAN', 'Panama', 7.63, 7.25, 7.44, 53, 2),
(2009, 'PNG', 'Papua New Guinea', 6.94, 6.83, 6.89, 81, 3),
(2009, 'PRY', 'Paraguay', 6.9, 6.56, 6.73, 88, 3),
(2009, 'PER', 'Peru', 7.55, 7.51, 7.53, 49, 2),
(2009, 'PHL', 'Philippines', 7.26, 6.7, 6.98, 71, 3),
(2009, 'POL', 'Poland', 9.03, 7.16, 8.1, 27, 1),
(2009, 'PRT', 'Portugal', 8.86, 7.17, 8.01, 35, 1),
(2009, 'QAT', 'Qatar', 0, 0, 0, 0, 0),
(2009, 'ROU', 'Romania', 8.61, 7.45, 8.03, 33, 1),
(2009, 'RUS', 'Russia', 6.71, 6.43, 6.57, 99, 3),
(2009, 'RWA', 'Rwanda', 7.5, 6.89, 7.2, 64, 2),
(2009, 'SAU', 'Saudi Arabia', 0, 0, 0, 0, 0),
(2009, 'SEN', 'Senegal', 6.62, 6.05, 6.33, 107, 4),
(2009, 'SRB', 'Serbia', 7.89, 6.58, 7.23, 60, 2),
(2009, 'SYC', 'Seychelles', 0, 0, 0, 0, 0),
(2009, 'SLE', 'Sierra Leone', 6.29, 6.18, 6.23, 111, 4),
(2009, 'SGP', 'Singapore', 7.8, 8.72, 8.26, 20, 1),
(2009, 'SVK', 'Slovakia', 8.68, 7.42, 8.05, 31, 1),
(2009, 'SVN', 'Slovenia', 8.72, 7.02, 7.87, 41, 2),
(2009, 'ZAF', 'South Africa', 6.95, 6.52, 6.73, 88, 3),
(2009, 'ESP', 'Spain', 8.88, 7.27, 8.07, 28, 1),
(2009, 'LKA', 'Sri Lanka', 5.87, 6.35, 6.11, 116, 4),
(2009, 'SUR', 'Suriname', 0, 0, 0, 0, 0),
(2009, 'SWZ', 'Swaziland', 0, 0, 0, 0, 0),
(2009, 'SWE', 'Sweden', 9.54, 7.39, 8.46, 10, 1),
(2009, 'CHE', 'Switzerland', 9.33, 8.28, 8.8, 2, 1),
(2009, 'SYR', 'Syria', 5.21, 5.79, 5.5, 132, 4),
(2009, 'TWN', 'Taiwan', 8.41, 7.39, 7.9, 38, 2),
(2009, 'TJK', 'Tajikistan', 0, 0, 0, 0, 0),
(2009, 'TZA', 'Tanzania', 6.63, 6.42, 6.53, 102, 3),
(2009, 'THA', 'Thailand', 7.8, 6.69, 7.25, 58, 2),
(2009, 'TLS', 'TimorLeste', 0, 0, 0, 0, 0),
(2009, 'TGO', 'Togo', 5.79, 5.57, 5.68, 129, 4),
(2009, 'TTO', 'Trinidad and Tobago', 6.92, 6.61, 6.76, 87, 3),
(2009, 'TUN', 'Tunisia', 5.7, 6.71, 6.21, 112, 4),
(2009, 'TUR', 'Turkey', 7.1, 6.83, 6.97, 74, 3),
(2009, 'UGA', 'Uganda', 5.44, 7.16, 6.3, 109, 4),
(2009, 'UKR', 'Ukraine', 7.81, 5.89, 6.85, 83, 3),
(2009, 'ARE', 'United Arab Emirates', 5.48, 7.4, 6.44, 105, 3),
(2009, 'GBR', 'United Kingdom', 9.11, 8.06, 8.59, 5, 1),
(2009, 'USA', 'United States', 8.59, 7.95, 8.27, 19, 1),
(2009, 'URY', 'Uruguay', 8.8, 7.05, 7.93, 36, 2),
(2009, 'VEN', 'Venezuela', 6.25, 4.36, 5.3, 136, 4),
(2009, 'VNM', 'Vietnam', 6.63, 6.45, 6.54, 100, 3),
(2009, 'YEM', 'Yemen, Rep.', 0, 0, 0, 0, 0),
(2009, 'ZMB', 'Zambia', 6.07, 7.13, 6.6, 97, 3),
(2009, 'ZWE', 'Zimbabwe', 5.35, 4.37, 4.86, 141, 4),
(2008, 'ALB', 'Albania', 7.78, 7.22, 7.5, 47, 2),
(2008, 'DZA', 'Algeria', 5.08, 5.16, 5.12, 138, 4),
(2008, 'AGO', 'Angola', 4.99, 4.41, 4.7, 141, 4),
(2008, 'ARG', 'Argentina', 8.29, 5.95, 7.12, 65, 2),
(2008, 'ARM', 'Armenia', 7.34, 7.59, 7.46, 50, 2),
(2008, 'AUS', 'Australia', 9.3, 8.08, 8.69, 5, 1),
(2008, 'AUT', 'Austria', 9.1, 7.7, 8.4, 13, 1),
(2008, 'AZE', 'Azerbaijan', 6.52, 6.15, 6.33, 107, 4),
(2008, 'BHS', 'Bahamas', 7.73, 7.58, 7.65, 44, 2),
(2008, 'BHR', 'Bahrain', 6.7, 7.42, 7.06, 69, 2),
(2008, 'BGD', 'Bangladesh', 5.54, 6.07, 5.81, 124, 4),
(2008, 'BRD', 'Barbados', 8.11, 6.22, 7.17, 63, 2),
(2008, 'BEL', 'Belgium', 9.11, 7.3, 8.21, 24, 1),
(2008, 'BLZ', 'Belize', 7.35, 7.32, 7.34, 56, 2),
(2008, 'BEN', 'Benin', 6.9, 5.99, 6.44, 103, 3),
(2008, 'BTN', 'Bhutan', 0, 0, 0, 0, 0),
(2008, 'BOL', 'Bolivia', 7.34, 6.09, 6.71, 87, 3),
(2008, 'BIH', 'Bosnia and Herzegovina', 8, 6.56, 7.28, 57, 2),
(2008, 'BWA', 'Botswana', 6.67, 6.85, 6.76, 84, 3),
(2008, 'BRA', 'Brazil', 7.76, 6.31, 7.03, 70, 2),
(2008, 'BRN', 'Brunei Darussalam', 0, 0, 0, 0, 0),
(2008, 'BGR', 'Bulgaria', 8.45, 7.17, 7.81, 42, 2),
(2008, 'BFA', 'Burkina Faso', 7.3, 5.95, 6.62, 95, 3),
(2008, 'BDI', 'Burundi', 6.15, 5.01, 5.58, 130, 4),
(2008, 'KHM', 'Cambodia', 0, 0, 0, 0, 0),
(2008, 'CMR', 'Cameroon', 5.68, 5.52, 5.6, 128, 4),
(2008, 'CAN', 'Canada', 9.28, 8.04, 8.66, 6, 1),
(2008, 'CPV', 'Cape Verde', 0, 0, 0, 0, 0),
(2008, 'CAF', 'Central African Republic', 6.07, 5.18, 5.62, 127, 4),
(2008, 'TCD', 'Chad', 5.67, 4.84, 5.25, 137, 4),
(2008, 'CHL', 'Chile', 8.2, 7.8, 8, 33, 1),
(2008, 'CHN', 'China', 5.59, 6.26, 5.92, 120, 4),
(2008, 'COL', 'Colombia', 6.93, 6.3, 6.62, 95, 3),
(2008, 'COD', 'Congo, Democratic Republic of', 5.54, 5.16, 5.35, 134, 4),
(2008, 'COG', 'Congo, Republic of', 6.48, 4.69, 5.59, 129, 4),
(2008, 'CRI', 'Costa Rica', 8.3, 7.37, 7.84, 40, 2),
(2008, 'CIV', 'Cote d Ivoire', 5.83, 5.5, 5.67, 126, 4),
(2008, 'HRV', 'Croatia', 8.08, 6.72, 7.4, 53, 2),
(2008, 'CYP', 'Cyprus', 8.99, 7.74, 8.37, 16, 1),
(2008, 'CZE', 'Czech Republic', 9.16, 7.21, 8.18, 26, 1),
(2008, 'DNK', 'Denmark', 9.51, 7.88, 8.7, 4, 1),
(2008, 'DOM', 'Dominican Republic', 6.99, 6.46, 6.73, 85, 3),
(2008, 'ECU', 'Ecuador', 7.45, 5.82, 6.64, 94, 3),
(2008, 'EGY', 'Egypt', 5.47, 6.43, 5.95, 117, 4),
(2008, 'SLV', 'El Salvador', 7.27, 7.53, 7.4, 53, 2),
(2008, 'EST', 'Estonia', 9.06, 7.77, 8.42, 12, 1),
(2008, 'ETH', 'Ethiopia', 5.24, 5.35, 5.3, 135, 4),
(2008, 'FJI', 'Fiji', 7.72, 7.26, 7.49, 48, 2),
(2008, 'FIN', 'Finland', 9.51, 7.81, 8.66, 6, 1),
(2008, 'FRA', 'France', 9.01, 7.42, 8.21, 24, 1),
(2008, 'GAB', 'Gabon', 5.91, 5.85, 5.88, 122, 4),
(2008, 'GMB', 'Gambia, The', 0, 0, 0, 0, 0),
(2008, 'GEO', 'Georgia', 7.55, 7.57, 7.56, 45, 2),
(2008, 'DEU', 'Germany', 9.16, 7.5, 8.33, 19, 1),
(2008, 'GHA', 'Ghana', 7.48, 6.82, 7.15, 64, 2),
(2008, 'GRC', 'Greece', 8.79, 7.1, 7.94, 38, 2),
(2008, 'GTM', 'Guatemala', 7.31, 7.21, 7.26, 59, 2),
(2008, 'GIN', 'Guinea', 0, 0, 0, 0, 0),
(2008, 'GNB', 'GuineaBissau', 6.65, 4.81, 5.73, 125, 4),
(2008, 'GUY', 'Guyana', 6.98, 6.4, 6.69, 88, 3),
(2008, 'HTI', 'Haiti', 7.08, 6.76, 6.92, 74, 3),
(2008, 'HND', 'Honduras', 6.7, 7.28, 6.99, 71, 3),
(2008, 'HKG', 'Hong Kong', 9.08, 9.19, 9.14, 1, 1),
(2008, 'HUN', 'Hungary', 8.91, 7.2, 8.06, 30, 1),
(2008, 'ISL', 'Iceland', 9.23, 7.34, 8.28, 20, 1),
(2008, 'IND', 'India', 6.62, 6.47, 6.54, 99, 3),
(2008, 'IDN', 'Indonesia', 7.14, 6.39, 6.77, 82, 3),
(2008, 'IRN', 'Iran', 4.85, 6.06, 5.45, 132, 4),
(2008, 'IRL', 'Ireland', 9.13, 7.87, 8.5, 9, 1),
(2008, 'ISR', 'Israel', 7.61, 7.2, 7.41, 52, 2),
(2008, 'ITA', 'Italy', 8.86, 7.07, 7.96, 35, 1),
(2008, 'JAM', 'Jamaica', 7.29, 7.27, 7.28, 57, 2),
(2008, 'JPN', 'Japan', 8.81, 7.65, 8.23, 22, 1),
(2008, 'JOR', 'Jordan', 5.87, 7.17, 6.52, 101, 3),
(2008, 'KAZ', 'Kazakhstan', 6.85, 7.04, 6.95, 73, 3),
(2008, 'KEN', 'Kenya', 6.53, 6.77, 6.65, 93, 3),
(2008, 'KOR', 'Korea, Republic of', 8.87, 7.46, 8.17, 27, 1),
(2008, 'KWT', 'Kuwait', 6.15, 7.03, 6.59, 97, 3),
(2008, 'KGZ', 'Kyrgyz Republic', 6.78, 6.82, 6.8, 79, 3),
(2008, 'LAO', 'Laos', 0, 0, 0, 0, 0),
(2008, 'LVA', 'Latvia', 8.65, 7.42, 8.03, 31, 1),
(2008, 'LBN', 'Lebanon', 0, 0, 0, 0, 0),
(2008, 'LSO', 'Lesotho', 5.84, 6.07, 5.95, 117, 4),
(2008, 'LBR', 'Liberia', 0, 0, 0, 0, 0),
(2008, 'LBY', 'Libya', 0, 0, 0, 0, 0),
(2008, 'LTU', 'Lithuania', 8.59, 7.44, 8.02, 32, 1),
(2008, 'LUX', 'Luxembourg', 9.11, 7.62, 8.37, 16, 1),
(2008, 'MKD', 'Macedonia', 8.24, 6.83, 7.53, 46, 2),
(2008, 'MDG', 'Madagascar', 6.92, 6.07, 6.49, 102, 3),
(2008, 'MWI', 'Malawi', 7.27, 6.17, 6.72, 86, 3),
(2008, 'MYS', 'Malaysia', 6.22, 6.61, 6.42, 104, 3),
(2008, 'MLI', 'Mali', 6.54, 5.89, 6.22, 112, 4),
(2008, 'MLT', 'Malta', 9.1, 7.59, 8.34, 18, 1),
(2008, 'MRT', 'Mauritania', 5.9, 5.98, 5.94, 119, 4),
(2008, 'MUS', 'Mauritius', 8.47, 7.96, 8.22, 23, 1),
(2008, 'MEX', 'Mexico', 7.13, 6.71, 6.92, 74, 3),
(2008, 'MDA', 'Moldova', 7.48, 6.91, 7.2, 62, 2),
(2008, 'MNG', 'Mongolia', 7.49, 6.73, 7.11, 66, 2),
(2008, 'MNE', 'Montenegro', 8.15, 7.19, 7.67, 43, 2),
(2008, 'MAR', 'Morocco', 6.23, 6.22, 6.23, 111, 4),
(2008, 'MOZ', 'Mozambique', 6.1, 5.67, 5.89, 121, 4),
(2008, 'MMR', 'Myanmar', 5.6, 3.86, 4.73, 140, 4),
(2008, 'NAM', 'Namibia', 7.15, 6.83, 6.99, 71, 3),
(2008, 'NPL', 'Nepal', 7.54, 6.03, 6.79, 80, 3),
(2008, 'NLD', 'Netherlands', 9.17, 7.58, 8.38, 15, 1),
(2008, 'NZL', 'New Zealand', 9.43, 8.4, 8.91, 2, 1),
(2008, 'NIC', 'Nicaragua', 7.37, 7.12, 7.24, 60, 2),
(2008, 'NER', 'Niger', 6.96, 5.39, 6.17, 114, 4),
(2008, 'NGA', 'Nigeria', 6.05, 6.03, 6.04, 115, 4),
(2008, 'NOR', 'Norway', 9.57, 7.63, 8.6, 8, 1),
(2008, 'OMN', 'Oman', 5.76, 7.08, 6.42, 104, 3),
(2008, 'PAK', 'Pakistan', 4.75, 5.97, 5.36, 133, 4),
(2008, 'PAN', 'Panama', 7.64, 7.24, 7.44, 51, 2),
(2008, 'PNG', 'Papua New Guinea', 6.91, 6.77, 6.84, 78, 3),
(2008, 'PRY', 'Paraguay', 7.29, 6.5, 6.89, 76, 3),
(2008, 'PER', 'Peru', 7.27, 7.5, 7.38, 55, 2),
(2008, 'PHL', 'Philippines', 7.46, 6.76, 7.11, 66, 2),
(2008, 'POL', 'Poland', 8.99, 7, 7.99, 34, 1),
(2008, 'PRT', 'Portugal', 9.01, 7.21, 8.11, 28, 1),
(2008, 'QAT', 'Qatar', 0, 0, 0, 0, 0),
(2008, 'ROU', 'Romania', 8.47, 7.32, 7.9, 39, 2),
(2008, 'RUS', 'Russia', 6.56, 6.52, 6.54, 99, 3),
(2008, 'RWA', 'Rwanda', 6.57, 6.75, 6.66, 92, 3),
(2008, 'SAU', 'Saudia Arabia', 0, 0, 0, 0, 0),
(2008, 'SEN', 'Senegal', 6.72, 5.87, 6.3, 109, 4),
(2008, 'SRB', 'Serbia', 7.91, 6.55, 7.23, 61, 2),
(2008, 'SYC', 'Seychelles', 0, 0, 0, 0, 0),
(2008, 'SLE', 'Sierra Leone', 6.64, 5.98, 6.31, 108, 4),
(2008, 'SGP', 'Singapore', 7.13, 8.77, 7.95, 36, 2),
(2008, 'SVK', 'Slovakia', 8.88, 7.6, 8.24, 21, 1),
(2008, 'SVN', 'Slovenia', 8.65, 7.01, 7.83, 41, 2),
(2008, 'ZAF', 'South Africa', 6.84, 6.52, 6.68, 89, 3),
(2008, 'ESP', 'Spain', 8.85, 7.37, 8.11, 28, 1),
(2008, 'LKA', 'Sri Lanka', 5.8, 6.26, 6.03, 116, 4),
(2008, 'SUR', 'Suriname', 0, 0, 0, 0, 0),
(2008, 'SWZ', 'Swaziland', 0, 0, 0, 0, 0),
(2008, 'SWE', 'Sweden', 9.38, 7.4, 8.39, 14, 1),
(2008, 'CHE', 'Switzerland', 9.33, 8.24, 8.79, 3, 1),
(2008, 'SYR', 'Syria', 5.35, 5.62, 5.49, 131, 4),
(2008, 'TWN', 'Taiwan', 7.46, 7.49, 7.47, 49, 2),
(2008, 'TJK', 'Tajikistan', 0, 0, 0, 0, 0),
(2008, 'TZA', 'Tanzania', 6.36, 6.2, 6.28, 110, 4),
(2008, 'THA', 'Thailand', 7.37, 6.8, 7.08, 68, 2),
(2008, 'TLS', 'TimorLeste', 0, 0, 0, 0, 0),
(2008, 'TGO', 'Togo', 6.09, 5.67, 5.88, 122, 4),
(2008, 'TTO', 'Trinidad and Tobago', 6.98, 6.74, 6.86, 77, 3),
(2008, 'TUN', 'Tunisia', 5.72, 6.68, 6.2, 113, 4),
(2008, 'TUR', 'Turkey', 6.63, 6.9, 6.77, 82, 3),
(2008, 'UGA', 'Uganda', 6.03, 7.16, 6.59, 97, 3),
(2008, 'UKR', 'Ukraine', 7.49, 5.87, 6.68, 89, 3),
(2008, 'ARE', 'United Arab Emirates', 5.89, 7.68, 6.79, 80, 3),
(2008, 'GBR', 'United Kingdom', 8.96, 7.96, 8.46, 10, 1),
(2008, 'USA', 'United States', 8.73, 8.17, 8.45, 11, 1),
(2008, 'URY', 'Uruguay', 8.78, 7.12, 7.95, 36, 2),
(2008, 'VEN', 'Venezuela', 6.34, 4.22, 5.28, 136, 4),
(2008, 'VNM', 'Vietnam', 6.52, 6.19, 6.36, 106, 3),
(2008, 'YEM', 'Yemen, Rep.', 0, 0, 0, 0, 0),
(2008, 'ZMB', 'Zambia', 6.21, 7.15, 6.68, 89, 3),
(2008, 'ZWE', 'Zimbabwe', 5.15, 4.55, 4.85, 139, 4),

-- --------------------------------------------------------

--
-- Table structure for table `happiness`
--

CREATE TABLE `happiness` (
  `Country` varchar(24) DEFAULT NULL,
  `Happiness_Rank` int(11) DEFAULT NULL,
  `Happiness_Score` float DEFAULT NULL,
  `Economy` float DEFAULT NULL,
  `Family` float DEFAULT NULL,
  `Health` float DEFAULT NULL,
  `Freedom` float DEFAULT NULL,
  `Trust` float DEFAULT NULL,
  `Generosity` float DEFAULT NULL,
  `Year` int(11) DEFAULT NULL
) ENGINE=InnoDB DEFAULT CHARSET=utf8;

--
-- Dumping data for table `happiness`
--

INSERT INTO `happiness` (`Country`, `Happiness_Rank`, `Happiness_Score`, `Economy`, `Family`, `Health`, `Freedom`, `Trust`, `Generosity`, `Year`) VALUES
('Switzerland', 1, 7.587, 1.39651, 1.34951, 0.94143, 0.66557, 0.41978, 0.29678, 2015),
('Iceland', 2, 7.561, 1.30232, 1.40223, 0.94784, 0.62877, 0.14145, 0.4363, 2015),
('Denmark', 3, 7.527, 1.32548, 1.36058, 0.87464, 0.64938, 0.48357, 0.34139, 2015),
('Norway', 4, 7.522, 1.459, 1.33095, 0.88521, 0.66973, 0.36503, 0.34699, 2015),
('Canada', 5, 7.427, 1.32629, 1.32261, 0.90563, 0.63297, 0.32957, 0.45811, 2015),
('Finland', 6, 7.406, 1.29025, 1.31826, 0.88911, 0.64169, 0.41372, 0.23351, 2015),
('Netherlands', 7, 7.378, 1.32944, 1.28017, 0.89284, 0.61576, 0.31814, 0.4761, 2015),
('Sweden', 8, 7.364, 1.33171, 1.28907, 0.91087, 0.6598, 0.43844, 0.36262, 2015),
('New Zealand', 9, 7.286, 1.25018, 1.31967, 0.90837, 0.63938, 0.42922, 0.47501, 2015),
('Australia', 10, 7.284, 1.33358, 1.30923, 0.93156, 0.65124, 0.35637, 0.43562, 2015),
('Israel', 11, 7.278, 1.22857, 1.22393, 0.91387, 0.41319, 0.07785, 0.33172, 2015),
('Costa Rica', 12, 7.226, 0.95578, 1.23788, 0.86027, 0.63376, 0.10583, 0.25497, 2015),
('Austria', 13, 7.2, 1.33723, 1.29704, 0.89042, 0.62433, 0.18676, 0.33088, 2015),
('Mexico', 14, 7.187, 1.02054, 0.91451, 0.81444, 0.48181, 0.21312, 0.14074, 2015),
('United States', 15, 7.119, 1.39451, 1.24711, 0.86179, 0.54604, 0.1589, 0.40105, 2015),
('Brazil', 16, 6.983, 0.98124, 1.23287, 0.69702, 0.49049, 0.17521, 0.14574, 2015),
('Luxembourg', 17, 6.946, 1.56391, 1.21963, 0.91894, 0.61583, 0.37798, 0.28034, 2015),
('Ireland', 18, 6.94, 1.33596, 1.36948, 0.89533, 0.61777, 0.28703, 0.45901, 2015),
('Belgium', 19, 6.937, 1.30782, 1.28566, 0.89667, 0.5845, 0.2254, 0.2225, 2015),
('United Arab Emirates', 20, 6.901, 1.42727, 1.12575, 0.80925, 0.64157, 0.38583, 0.26428, 2015),
('United Kingdom', 21, 6.867, 1.26637, 1.28548, 0.90943, 0.59625, 0.32067, 0.51912, 2015),
('Oman', 22, 6.853, 1.36011, 1.08182, 0.76276, 0.63274, 0.32524, 0.21542, 2015),
('Venezuela', 23, 6.81, 1.04424, 1.25596, 0.72052, 0.42908, 0.11069, 0.05841, 2015),
('Singapore', 24, 6.798, 1.52186, 1.02, 1.02525, 0.54252, 0.4921, 0.31105, 2015),
('Panama', 25, 6.786, 1.06353, 1.1985, 0.79661, 0.5421, 0.0927, 0.24434, 2015),
('Germany', 26, 6.75, 1.32792, 1.29937, 0.89186, 0.61477, 0.21843, 0.28214, 2015),
('Chile', 27, 6.67, 1.10715, 1.12447, 0.85857, 0.44132, 0.12869, 0.33363, 2015),
('Qatar', 28, 6.611, 1.69042, 1.0786, 0.79733, 0.6404, 0.52208, 0.32573, 2015),
('France', 29, 6.575, 1.27778, 1.26038, 0.94579, 0.55011, 0.20646, 0.12332, 2015),
('Argentina', 30, 6.574, 1.05351, 1.24823, 0.78723, 0.44974, 0.08484, 0.11451, 2015),
('Czech Republic', 31, 6.505, 1.17898, 1.20643, 0.84483, 0.46364, 0.02652, 0.10686, 2015),
('Uruguay', 32, 6.485, 1.06166, 1.2089, 0.8116, 0.60362, 0.24558, 0.2324, 2015),
('Colombia', 33, 6.477, 0.91861, 1.24018, 0.69077, 0.53466, 0.0512, 0.18401, 2015),
('Thailand', 34, 6.455, 0.9669, 1.26504, 0.7385, 0.55664, 0.03187, 0.5763, 2015),
('Saudi Arabia', 35, 6.411, 1.39541, 1.08393, 0.72025, 0.31048, 0.32524, 0.13706, 2015),
('Spain', 36, 6.329, 1.23011, 1.31379, 0.95562, 0.45951, 0.06398, 0.18227, 2015),
('Malta', 37, 6.302, 1.2074, 1.30203, 0.88721, 0.60365, 0.13586, 0.51752, 2015),
('Taiwan', 38, 6.298, 1.29098, 1.07617, 0.8753, 0.3974, 0.08129, 0.25376, 2015),
('Kuwait', 39, 6.295, 1.55422, 1.16594, 0.72492, 0.55499, 0.25609, 0.16228, 2015),
('Suriname', 40, 6.269, 0.99534, 0.972, 0.6082, 0.59657, 0.13633, 0.16991, 2015),
('Trinidad and Tobago', 41, 6.168, 1.21183, 1.18354, 0.61483, 0.55884, 0.0114, 0.31844, 2015),
('El Salvador', 42, 6.13, 0.76454, 1.02507, 0.67737, 0.4035, 0.11776, 0.10692, 2015),
('Guatemala', 43, 6.123, 0.74553, 1.04356, 0.64425, 0.57733, 0.09472, 0.27489, 2015),
('Uzbekistan', 44, 6.003, 0.63244, 1.34043, 0.59772, 0.65821, 0.30826, 0.22837, 2015),
('Slovakia', 45, 5.995, 1.16891, 1.26999, 0.78902, 0.31751, 0.03431, 0.16893, 2015),
('Japan', 46, 5.987, 1.27074, 1.25712, 0.99111, 0.49615, 0.1806, 0.10705, 2015),
('South Korea', 47, 5.984, 1.24461, 0.95774, 0.96538, 0.33208, 0.07857, 0.18557, 2015),
('Ecuador', 48, 5.975, 0.86402, 0.99903, 0.79075, 0.48574, 0.1809, 0.11541, 2015),
('Bahrain', 49, 5.96, 1.32376, 1.21624, 0.74716, 0.45492, 0.306, 0.17362, 2015),
('Italy', 50, 5.948, 1.25114, 1.19777, 0.95446, 0.26236, 0.02901, 0.22823, 2015),
('Bolivia', 51, 5.89, 0.68133, 0.97841, 0.5392, 0.57414, 0.088, 0.20536, 2015),
('Moldova', 52, 5.889, 0.59448, 1.01528, 0.61826, 0.32818, 0.01615, 0.20951, 2015),
('Paraguay', 53, 5.878, 0.75985, 1.30477, 0.66098, 0.53899, 0.08242, 0.3424, 2015),
('Kazakhstan', 54, 5.855, 1.12254, 1.12241, 0.64368, 0.51649, 0.08454, 0.11827, 2015),
('Slovenia', 55, 5.848, 1.18498, 1.27385, 0.87337, 0.60855, 0.03787, 0.25328, 2015),
('Lithuania', 56, 5.833, 1.14723, 1.25745, 0.73128, 0.21342, 0.01031, 0.02641, 2015),
('Nicaragua', 57, 5.828, 0.59325, 1.14184, 0.74314, 0.55475, 0.19317, 0.27815, 2015),
('Peru', 58, 5.824, 0.90019, 0.97459, 0.73017, 0.41496, 0.05989, 0.14982, 2015),
('Belarus', 59, 5.813, 1.03192, 1.23289, 0.73608, 0.37938, 0.1909, 0.11046, 2015),
('Poland', 60, 5.791, 1.12555, 1.27948, 0.77903, 0.53122, 0.04212, 0.16759, 2015),
('Malaysia', 61, 5.77, 1.12486, 1.07023, 0.72394, 0.53024, 0.10501, 0.33075, 2015),
('Croatia', 62, 5.759, 1.08254, 0.79624, 0.78805, 0.25883, 0.0243, 0.05444, 2015),
('Libya', 63, 5.754, 1.13145, 1.11862, 0.7038, 0.41668, 0.11023, 0.18295, 2015),
('Russia', 64, 5.716, 1.13764, 1.23617, 0.66926, 0.36679, 0.03005, 0.00199, 2015),
('Jamaica', 65, 5.709, 0.81038, 1.15102, 0.68741, 0.50442, 0.02299, 0.2123, 2015),
('North Cyprus', 66, 5.695, 1.20806, 1.07008, 0.92356, 0.49027, 0.1428, 0.26169, 2015),
('Cyprus', 67, 5.689, 1.20813, 0.89318, 0.92356, 0.40672, 0.06146, 0.30638, 2015),
('Algeria', 68, 5.605, 0.93929, 1.07772, 0.61766, 0.28579, 0.17383, 0.07822, 2015),
('Kosovo', 69, 5.589, 0.80148, 0.81198, 0.63132, 0.24749, 0.04741, 0.2831, 2015),
('Turkmenistan', 70, 5.548, 0.95847, 1.22668, 0.53886, 0.4761, 0.30844, 0.16979, 2015),
('Mauritius', 71, 5.477, 1.00761, 0.98521, 0.7095, 0.56066, 0.07521, 0.37744, 2015),
('Hong Kong', 72, 5.474, 1.38604, 1.05818, 1.01328, 0.59608, 0.37124, 0.39478, 2015),
('Estonia', 73, 5.429, 1.15174, 1.22791, 0.77361, 0.44888, 0.15184, 0.0868, 2015),
('Indonesia', 74, 5.399, 0.82827, 1.08708, 0.63793, 0.46611, 0, 0.51535, 2015),
('Vietnam', 75, 5.36, 0.63216, 0.91226, 0.74676, 0.59444, 0.10441, 0.1686, 2015),
('Turkey', 76, 5.332, 1.06098, 0.94632, 0.73172, 0.22815, 0.15746, 0.12253, 2015),
('Kyrgyzstan', 77, 5.286, 0.47428, 1.15115, 0.65088, 0.43477, 0.04232, 0.3003, 2015),
('Nigeria', 78, 5.268, 0.65435, 0.90432, 0.16007, 0.34334, 0.0403, 0.27233, 2015),
('Bhutan', 79, 5.253, 0.77042, 1.10395, 0.57407, 0.53206, 0.15445, 0.47998, 2015),
('Azerbaijan', 80, 5.212, 1.02389, 0.93793, 0.64045, 0.3703, 0.16065, 0.07799, 2015),
('Pakistan', 81, 5.194, 0.59543, 0.41411, 0.51466, 0.12102, 0.10464, 0.33671, 2015),
('Jordan', 82, 5.192, 0.90198, 1.05392, 0.69639, 0.40661, 0.14293, 0.11053, 2015),
('Montenegro', 82, 5.192, 0.97438, 0.90557, 0.72521, 0.1826, 0.14296, 0.1614, 2015),
('China', 84, 5.14, 0.89012, 0.94675, 0.81658, 0.51697, 0.02781, 0.08185, 2015),
('Zambia', 85, 5.129, 0.47038, 0.91612, 0.29924, 0.48827, 0.12468, 0.19591, 2015),
('Romania', 86, 5.124, 1.04345, 0.88588, 0.7689, 0.35068, 0.00649, 0.13748, 2015),
('Serbia', 87, 5.123, 0.92053, 1.00964, 0.74836, 0.20107, 0.02617, 0.19231, 2015),
('Portugal', 88, 5.102, 1.15991, 1.13935, 0.87519, 0.51469, 0.01078, 0.13719, 2015),
('Latvia', 89, 5.098, 1.11312, 1.09562, 0.72437, 0.29671, 0.06332, 0.18226, 2015),
('Philippines', 90, 5.073, 0.70532, 1.03516, 0.58114, 0.62545, 0.12279, 0.24991, 2015),
('Somaliland region', 91, 5.057, 0.18847, 0.95152, 0.43873, 0.46582, 0.39928, 0.50318, 2015),
('Morocco', 92, 5.013, 0.73479, 0.64095, 0.60954, 0.41691, 0.08546, 0.07172, 2015),
('Macedonia', 93, 5.007, 0.91851, 1.00232, 0.73545, 0.33457, 0.05327, 0.22359, 2015),
('Mozambique', 94, 4.971, 0.08308, 1.02626, 0.09131, 0.34037, 0.15603, 0.22269, 2015),
('Albania', 95, 4.959, 0.87867, 0.80434, 0.81325, 0.35733, 0.06413, 0.14272, 2015),
('Bosnia and Herzegovina', 96, 4.949, 0.83223, 0.91916, 0.79081, 0.09245, 0.00227, 0.24808, 2015),
('Lesotho', 97, 4.898, 0.37545, 1.04103, 0.07612, 0.31767, 0.12504, 0.16388, 2015),
('Dominican Republic', 98, 4.885, 0.89537, 1.17202, 0.66825, 0.57672, 0.14234, 0.21684, 2015),
('Laos', 99, 4.876, 0.59066, 0.73803, 0.54909, 0.59591, 0.24249, 0.42192, 2015),
('Mongolia', 100, 4.874, 0.82819, 1.3006, 0.60268, 0.43626, 0.02666, 0.3323, 2015),
('Swaziland', 101, 4.867, 0.71206, 1.07284, 0.07566, 0.30658, 0.0306, 0.18259, 2015),
('Greece', 102, 4.857, 1.15406, 0.92933, 0.88213, 0.07699, 0.01397, 0, 2015),
('Lebanon', 103, 4.839, 1.02564, 0.80001, 0.83947, 0.33916, 0.04582, 0.21854, 2015),
('Hungary', 104, 4.8, 1.12094, 1.20215, 0.75905, 0.32112, 0.02758, 0.128, 2015),
('Honduras', 105, 4.788, 0.59532, 0.95348, 0.6951, 0.40148, 0.06825, 0.23027, 2015),
('Tajikistan', 106, 4.786, 0.39047, 0.85563, 0.57379, 0.47216, 0.15072, 0.22974, 2015),
('Tunisia', 107, 4.739, 0.88113, 0.60429, 0.73793, 0.26268, 0.06358, 0.06431, 2015),
('Palestinian Territories', 108, 4.715, 0.59867, 0.92558, 0.66015, 0.24499, 0.12905, 0.11251, 2015),
('Bangladesh', 109, 4.694, 0.39753, 0.43106, 0.60164, 0.4082, 0.12569, 0.21222, 2015),
('Iran', 110, 4.686, 1.0088, 0.54447, 0.69805, 0.30033, 0.05863, 0.38086, 2015),
('Ukraine', 111, 4.681, 0.79907, 1.20278, 0.6739, 0.25123, 0.02961, 0.15275, 2015),
('Iraq', 112, 4.677, 0.98549, 0.81889, 0.60237, 0, 0.13788, 0.17922, 2015),
('South Africa', 113, 4.642, 0.92049, 1.18468, 0.27688, 0.33207, 0.08884, 0.11973, 2015),
('Ghana', 114, 4.633, 0.54558, 0.67954, 0.40132, 0.42342, 0.04355, 0.23087, 2015),
('Zimbabwe', 115, 4.61, 0.271, 1.03276, 0.33475, 0.25861, 0.08079, 0.18987, 2015),
('Liberia', 116, 4.571, 0.0712, 0.78968, 0.34201, 0.28531, 0.06232, 0.24362, 2015),
('India', 117, 4.565, 0.64499, 0.38174, 0.51529, 0.39786, 0.08492, 0.26475, 2015),
('Sudan', 118, 4.55, 0.52107, 1.01404, 0.36878, 0.10081, 0.1466, 0.19062, 2015),
('Haiti', 119, 4.518, 0.26673, 0.74302, 0.38847, 0.24425, 0.17175, 0.46187, 2015),
('Congo (Kinshasa)', 120, 4.517, 0, 1.0012, 0.09806, 0.22605, 0.07625, 0.24834, 2015),
('Nepal', 121, 4.514, 0.35997, 0.86449, 0.56874, 0.38282, 0.05907, 0.32296, 2015),
('Ethiopia', 122, 4.512, 0.19073, 0.60406, 0.44055, 0.4345, 0.15048, 0.24325, 2015),
('Sierra Leone', 123, 4.507, 0.33024, 0.95571, 0, 0.4084, 0.08786, 0.21488, 2015),
('Mauritania', 124, 4.436, 0.45407, 0.86908, 0.35874, 0.24232, 0.17461, 0.219, 2015),
('Kenya', 125, 4.419, 0.36471, 0.99876, 0.41435, 0.42215, 0.05839, 0.37542, 2015),
('Djibouti', 126, 4.369, 0.44025, 0.59207, 0.36291, 0.46074, 0.28105, 0.18093, 2015),
('Armenia', 127, 4.35, 0.76821, 0.77711, 0.7299, 0.19847, 0.039, 0.07855, 2015),
('Botswana', 128, 4.332, 0.99355, 1.10464, 0.04776, 0.49495, 0.12474, 0.10461, 2015),
('Myanmar', 129, 4.307, 0.27108, 0.70905, 0.48246, 0.44017, 0.19034, 0.79588, 2015),
('Georgia', 130, 4.297, 0.7419, 0.38562, 0.72926, 0.40577, 0.38331, 0.05547, 2015),
('Malawi', 131, 4.292, 0.01604, 0.41134, 0.22562, 0.43054, 0.06977, 0.33128, 2015),
('Sri Lanka', 132, 4.271, 0.83524, 1.01905, 0.70806, 0.53726, 0.09179, 0.40828, 2015),
('Cameroon', 133, 4.252, 0.4225, 0.88767, 0.23402, 0.49309, 0.05786, 0.20618, 2015),
('Bulgaria', 134, 4.218, 1.01216, 1.10614, 0.76649, 0.30587, 0.00872, 0.11921, 2015),
('Egypt', 135, 4.194, 0.8818, 0.747, 0.61712, 0.17288, 0.06324, 0.11291, 2015),
('Yemen', 136, 4.077, 0.54649, 0.68093, 0.40064, 0.35571, 0.07854, 0.09131, 2015),
('Angola', 137, 4.033, 0.75778, 0.8604, 0.16683, 0.10384, 0.07122, 0.12344, 2015),
('Mali', 138, 3.995, 0.26074, 1.03526, 0.20583, 0.38857, 0.12352, 0.18798, 2015),
('Congo (Brazzaville)', 139, 3.989, 0.67866, 0.6629, 0.31051, 0.41466, 0.11686, 0.12388, 2015),
('Comoros', 140, 3.956, 0.23906, 0.79273, 0.36315, 0.22917, 0.199, 0.17441, 2015),
('Uganda', 141, 3.931, 0.21102, 1.13299, 0.33861, 0.45727, 0.07267, 0.29066, 2015),
('Senegal', 142, 3.904, 0.36498, 0.97619, 0.4354, 0.36772, 0.10713, 0.20843, 2015),
('Gabon', 143, 3.896, 1.06024, 0.90528, 0.43372, 0.31914, 0.11091, 0.06822, 2015),
('Niger', 144, 3.845, 0.0694, 0.77265, 0.29707, 0.47692, 0.15639, 0.19387, 2015),
('Cambodia', 145, 3.819, 0.46038, 0.62736, 0.61114, 0.66246, 0.07247, 0.40359, 2015),
('Tanzania', 146, 3.781, 0.2852, 1.00268, 0.38215, 0.32878, 0.05747, 0.34377, 2015),
('Madagascar', 147, 3.681, 0.20824, 0.66801, 0.46721, 0.19184, 0.08124, 0.21333, 2015),
('Central African Republic', 148, 3.678, 0.0785, 0, 0.06699, 0.48879, 0.08289, 0.23835, 2015),
('Chad', 149, 3.667, 0.34193, 0.76062, 0.1501, 0.23501, 0.05269, 0.18386, 2015),
('Guinea', 150, 3.656, 0.17417, 0.46475, 0.24009, 0.37725, 0.12139, 0.28657, 2015),
('Ivory Coast', 151, 3.655, 0.46534, 0.77115, 0.15185, 0.46866, 0.17922, 0.20165, 2015),
('Burkina Faso', 152, 3.587, 0.25812, 0.85188, 0.27125, 0.39493, 0.12832, 0.21747, 2015),
('Afghanistan', 153, 3.575, 0.31982, 0.30285, 0.30335, 0.23414, 0.09719, 0.3651, 2015),
('Rwanda', 154, 3.465, 0.22208, 0.7737, 0.42864, 0.59201, 0.55191, 0.22628, 2015),
('Benin', 155, 3.34, 0.28665, 0.35386, 0.3191, 0.4845, 0.0801, 0.1826, 2015),
('Syria', 156, 3.006, 0.6632, 0.47489, 0.72193, 0.15684, 0.18906, 0.47179, 2015),
('Burundi', 157, 2.905, 0.0153, 0.41587, 0.22396, 0.1185, 0.10062, 0.19727, 2015),
('Togo', 158, 2.839, 0.20868, 0.13995, 0.28443, 0.36453, 0.10731, 0.16681, 2015),
('Denmark', 1, 7.526, 1.44178, 1.16374, 0.79504, 0.57941, 0.44453, 0.36171, 2016),
('Switzerland', 2, 7.509, 1.52733, 1.14524, 0.86303, 0.58557, 0.41203, 0.28083, 2016),
('Iceland', 3, 7.501, 1.42666, 1.18326, 0.86733, 0.56624, 0.14975, 0.47678, 2016),
('Norway', 4, 7.498, 1.57744, 1.1269, 0.79579, 0.59609, 0.35776, 0.37895, 2016),
('Finland', 5, 7.413, 1.40598, 1.13464, 0.81091, 0.57104, 0.41004, 0.25492, 2016),
('Canada', 6, 7.404, 1.44015, 1.0961, 0.8276, 0.5737, 0.31329, 0.44834, 2016),
('Netherlands', 7, 7.339, 1.46468, 1.02912, 0.81231, 0.55211, 0.29927, 0.47416, 2016),
('New Zealand', 8, 7.334, 1.36066, 1.17278, 0.83096, 0.58147, 0.41904, 0.49401, 2016),
('Australia', 9, 7.313, 1.44443, 1.10476, 0.8512, 0.56837, 0.32331, 0.47407, 2016),
('Sweden', 10, 7.291, 1.45181, 1.08764, 0.83121, 0.58218, 0.40867, 0.38254, 2016),
('Israel', 11, 7.267, 1.33766, 0.99537, 0.84917, 0.36432, 0.08728, 0.32288, 2016),
('Austria', 12, 7.119, 1.45038, 1.08383, 0.80565, 0.54355, 0.21348, 0.32865, 2016),
('United States', 13, 7.104, 1.50796, 1.04782, 0.779, 0.48163, 0.14868, 0.41077, 2016),
('Costa Rica', 14, 7.087, 1.06879, 1.02152, 0.76146, 0.55225, 0.10547, 0.22553, 2016),
('Puerto Rico', 15, 7.039, 1.35943, 1.08113, 0.77758, 0.46823, 0.12275, 0.22202, 2016),
('Germany', 16, 6.994, 1.44787, 1.09774, 0.81487, 0.53466, 0.28551, 0.30452, 2016),
('Brazil', 17, 6.952, 1.08754, 1.03938, 0.61415, 0.40425, 0.14166, 0.15776, 2016),
('Belgium', 18, 6.929, 1.42539, 1.05249, 0.81959, 0.51354, 0.26248, 0.2424, 2016),
('Ireland', 19, 6.907, 1.48341, 1.16157, 0.81455, 0.54008, 0.29754, 0.44963, 2016),
('Luxembourg', 20, 6.871, 1.69752, 1.03999, 0.84542, 0.5487, 0.35329, 0.27571, 2016),
('Mexico', 21, 6.778, 1.11508, 0.7146, 0.71143, 0.37709, 0.18355, 0.11735, 2016),
('Singapore', 22, 6.739, 1.64555, 0.86758, 0.94719, 0.4877, 0.46987, 0.32706, 2016),
('United Kingdom', 23, 6.725, 1.40283, 1.08672, 0.80991, 0.50036, 0.27399, 0.50156, 2016),
('Chile', 24, 6.705, 1.2167, 0.90587, 0.81883, 0.37789, 0.11451, 0.31595, 2016),
('Panama', 25, 6.701, 1.18306, 0.98912, 0.70835, 0.48927, 0.08423, 0.2418, 2016),
('Argentina', 26, 6.65, 1.15137, 1.06612, 0.69711, 0.42284, 0.07296, 0.10989, 2016),
('Czech Republic', 27, 6.596, 1.30915, 1.00793, 0.76376, 0.41418, 0.03986, 0.09929, 2016),
('United Arab Emirates', 28, 6.573, 1.57352, 0.87114, 0.72993, 0.56215, 0.35561, 0.26591, 2016),
('Uruguay', 29, 6.545, 1.18157, 1.03143, 0.72183, 0.54388, 0.21394, 0.18056, 2016),
('Malta', 30, 6.488, 1.30782, 1.09879, 0.80315, 0.54994, 0.17554, 0.56237, 2016),
('Colombia', 31, 6.481, 1.03032, 1.02169, 0.59659, 0.44735, 0.05399, 0.15626, 2016),
('France', 32, 6.478, 1.39488, 1.00508, 0.83795, 0.46562, 0.17808, 0.1216, 2016),
('Thailand', 33, 6.474, 1.0893, 1.04477, 0.64915, 0.49553, 0.02833, 0.58696, 2016),
('Saudi Arabia', 34, 6.379, 1.48953, 0.84829, 0.59267, 0.37904, 0.30008, 0.15457, 2016),
('Taiwan', 34, 6.379, 1.39729, 0.92624, 0.79565, 0.32377, 0.0663, 0.25495, 2016),
('Qatar', 36, 6.375, 1.82427, 0.87964, 0.71723, 0.56679, 0.48049, 0.32388, 2016),
('Spain', 37, 6.361, 1.34253, 1.12945, 0.87896, 0.37545, 0.06137, 0.17665, 2016),
('Algeria', 38, 6.355, 1.05266, 0.83309, 0.61804, 0.21006, 0.16157, 0.07044, 2016),
('Guatemala', 39, 6.324, 0.83454, 0.87119, 0.54039, 0.50379, 0.08701, 0.28808, 2016),
('Suriname', 40, 6.269, 1.09686, 0.77866, 0.50933, 0.52234, 0.12692, 0.16665, 2016),
('Kuwait', 41, 6.239, 1.61714, 0.87758, 0.63569, 0.43166, 0.23669, 0.15965, 2016),
('Bahrain', 42, 6.218, 1.44024, 0.94397, 0.65696, 0.47375, 0.25772, 0.17147, 2016),
('Trinidad and Tobago', 43, 6.168, 1.32572, 0.98569, 0.52608, 0.48453, 0.01241, 0.31935, 2016),
('Venezuela', 44, 6.084, 1.13367, 1.03302, 0.61904, 0.19847, 0.08304, 0.0425, 2016),
('Slovakia', 45, 6.078, 1.27973, 1.08268, 0.70367, 0.23391, 0.02947, 0.13837, 2016),
('El Salvador', 46, 6.068, 0.8737, 0.80975, 0.596, 0.37269, 0.10613, 0.08877, 2016),
('Malaysia', 47, 6.005, 1.25142, 0.88025, 0.62366, 0.39031, 0.09081, 0.41474, 2016),
('Nicaragua', 48, 5.992, 0.69384, 0.89521, 0.65213, 0.46582, 0.16292, 0.29773, 2016),
('Uzbekistan', 49, 5.987, 0.73591, 1.1681, 0.50163, 0.60848, 0.28333, 0.34326, 2016),
('Italy', 50, 5.977, 1.35495, 1.04167, 0.85102, 0.18827, 0.02556, 0.16684, 2016),
('Ecuador', 51, 5.976, 0.97306, 0.85974, 0.68613, 0.4027, 0.18037, 0.10074, 2016),
('Belize', 52, 5.956, 0.87616, 0.68655, 0.45569, 0.51231, 0.10771, 0.23684, 2016),
('Japan', 53, 5.921, 1.38007, 1.06054, 0.91491, 0.46761, 0.18985, 0.10224, 2016),
('Kazakhstan', 54, 5.919, 1.22943, 0.95544, 0.57386, 0.4052, 0.11132, 0.15011, 2016),
('Moldova', 55, 5.897, 0.69177, 0.83132, 0.52309, 0.25202, 0.01903, 0.19997, 2016),
('Russia', 56, 5.856, 1.23228, 1.05261, 0.58991, 0.32682, 0.03586, 0.02736, 2016),
('Poland', 57, 5.835, 1.24585, 1.04685, 0.69058, 0.4519, 0.055, 0.14443, 2016),
('South Korea', 57, 5.835, 1.35948, 0.72194, 0.88645, 0.25168, 0.07716, 0.18824, 2016),
('Bolivia', 59, 5.822, 0.79422, 0.83779, 0.4697, 0.50961, 0.07746, 0.21698, 2016),
('Lithuania', 60, 5.813, 1.2692, 1.06411, 0.64674, 0.18929, 0.0182, 0.02025, 2016),
('Belarus', 61, 5.802, 1.13062, 1.04993, 0.63104, 0.29091, 0.17457, 0.13942, 2016),
('North Cyprus', 62, 5.771, 1.31141, 0.81826, 0.84142, 0.43596, 0.16578, 0.26322, 2016),
('Slovenia', 63, 5.768, 1.29947, 1.05613, 0.79151, 0.53164, 0.03635, 0.25738, 2016),
('Peru', 64, 5.743, 0.99602, 0.81255, 0.62994, 0.37502, 0.05292, 0.14527, 2016),
('Turkmenistan', 65, 5.658, 1.08017, 1.03817, 0.44006, 0.37408, 0.28467, 0.22567, 2016),
('Mauritius', 66, 5.648, 1.14372, 0.75695, 0.66189, 0.46145, 0.05203, 0.36951, 2016),
('Libya', 67, 5.615, 1.06688, 0.95076, 0.52304, 0.40672, 0.10339, 0.17087, 2016),
('Latvia', 68, 5.56, 1.21788, 0.95025, 0.63952, 0.27996, 0.0889, 0.17445, 2016),
('Cyprus', 69, 5.546, 1.31857, 0.70697, 0.8488, 0.29507, 0.05228, 0.27906, 2016),
('Paraguay', 70, 5.538, 0.89373, 1.11111, 0.58295, 0.46235, 0.07396, 0.25296, 2016),
('Romania', 71, 5.528, 1.1697, 0.72803, 0.67602, 0.36712, 0.00679, 0.12889, 2016),
('Estonia', 72, 5.517, 1.27964, 1.05163, 0.68098, 0.41511, 0.18519, 0.08423, 2016),
('Jamaica', 73, 5.51, 0.89333, 0.96372, 0.59469, 0.43597, 0.04294, 0.22245, 2016),
('Croatia', 74, 5.488, 1.18649, 0.60809, 0.70524, 0.23907, 0.04002, 0.18434, 2016),
('Hong Kong', 75, 5.458, 1.5107, 0.87021, 0.95277, 0.48079, 0.31647, 0.40097, 2016),
('Somalia', 76, 5.44, 0, 0.33613, 0.11466, 0.56778, 0.3118, 0.27225, 2016),
('Kosovo', 77, 5.401, 0.90145, 0.66062, 0.54, 0.14396, 0.06547, 0.27992, 2016),
('Turkey', 78, 5.389, 1.16492, 0.87717, 0.64718, 0.23889, 0.12348, 0.04707, 2016),
('Indonesia', 79, 5.314, 0.95104, 0.87625, 0.49374, 0.39237, 0.00322, 0.56521, 2016),
('Jordan', 80, 5.303, 0.99673, 0.86216, 0.60712, 0.36023, 0.13297, 0.14262, 2016),
('Azerbaijan', 81, 5.291, 1.12373, 0.76042, 0.54504, 0.35327, 0.17914, 0.0564, 2016),
('Philippines', 82, 5.279, 0.81217, 0.87877, 0.47036, 0.54854, 0.11757, 0.21674, 2016),
('China', 83, 5.245, 1.0278, 0.79381, 0.73561, 0.44012, 0.02745, 0.04959, 2016),
('Bhutan', 84, 5.196, 0.8527, 0.90836, 0.49759, 0.46074, 0.1616, 0.48546, 2016),
('Kyrgyzstan', 85, 5.185, 0.56044, 0.95434, 0.55449, 0.40212, 0.04762, 0.38432, 2016),
('Serbia', 86, 5.177, 1.03437, 0.81329, 0.6458, 0.15718, 0.04339, 0.20737, 2016),
('Bosnia and Herzegovina', 87, 5.163, 0.93383, 0.64367, 0.70766, 0.09511, 0, 0.29889, 2016),
('Montenegro', 88, 5.161, 1.07838, 0.74173, 0.63533, 0.15111, 0.12721, 0.17191, 2016),
('Dominican Republic', 89, 5.155, 1.02787, 0.99496, 0.57669, 0.52259, 0.12372, 0.21286, 2016),
('Morocco', 90, 5.151, 0.84058, 0.38595, 0.59471, 0.25646, 0.08404, 0.04053, 2016),
('Hungary', 91, 5.145, 1.24142, 0.93164, 0.67608, 0.1977, 0.04472, 0.099, 2016),
('Pakistan', 92, 5.132, 0.68816, 0.26135, 0.40306, 0.14622, 0.1388, 0.31185, 2016),
('Lebanon', 93, 5.129, 1.12268, 0.64184, 0.76171, 0.26228, 0.03061, 0.23693, 2016),
('Portugal', 94, 5.123, 1.27607, 0.94367, 0.79363, 0.44727, 0.01521, 0.11691, 2016),
('Macedonia', 95, 5.121, 1.0193, 0.78236, 0.64738, 0.27668, 0.07047, 0.23507, 2016),
('Vietnam', 96, 5.061, 0.74037, 0.79117, 0.66157, 0.55954, 0.11556, 0.25075, 2016),
('Somaliland Region', 97, 5.057, 0.25558, 0.75862, 0.33108, 0.3913, 0.36794, 0.51479, 2016),
('Tunisia', 98, 5.045, 0.97724, 0.43165, 0.59577, 0.23553, 0.0817, 0.03936, 2016),
('Greece', 99, 5.033, 1.24886, 0.75473, 0.80029, 0.05822, 0.04127, 0, 2016),
('Tajikistan', 100, 4.996, 0.48835, 0.75602, 0.53119, 0.43408, 0.13509, 0.25998, 2016),
('Mongolia', 101, 4.907, 0.98853, 1.08983, 0.55469, 0.35972, 0.03285, 0.34539, 2016),
('Laos', 102, 4.876, 0.68042, 0.5497, 0.38291, 0.52168, 0.22423, 0.43079, 2016),
('Nigeria', 103, 4.875, 0.75216, 0.64498, 0.05108, 0.27854, 0.0305, 0.23219, 2016),
('Honduras', 104, 4.871, 0.69429, 0.75596, 0.58383, 0.26755, 0.06906, 0.2044, 2016),
('Iran', 105, 4.813, 1.11758, 0.38857, 0.64232, 0.22544, 0.0557, 0.38538, 2016),
('Zambia', 106, 4.795, 0.61202, 0.6376, 0.23573, 0.42662, 0.11479, 0.17866, 2016),
('Nepal', 107, 4.793, 0.44626, 0.69699, 0.50073, 0.37012, 0.07008, 0.3816, 2016),
('Palestinian Territories', 108, 4.754, 0.67024, 0.71629, 0.56844, 0.17744, 0.10613, 0.11154, 2016),
('Albania', 109, 4.655, 0.9553, 0.50163, 0.73007, 0.31866, 0.05301, 0.1684, 2016),
('Bangladesh', 110, 4.643, 0.54177, 0.24749, 0.52989, 0.39778, 0.12583, 0.19132, 2016),
('Sierra Leone', 111, 4.635, 0.36485, 0.628, 0, 0.30685, 0.08196, 0.23897, 2016),
('Iraq', 112, 4.575, 1.07474, 0.59205, 0.51076, 0.24856, 0.13636, 0.19589, 2016),
('Namibia', 113, 4.574, 0.93287, 0.70362, 0.34745, 0.48614, 0.10398, 0.07795, 2016),
('Cameroon', 114, 4.513, 0.52497, 0.62542, 0.12698, 0.42736, 0.06126, 0.2268, 2016),
('Ethiopia', 115, 4.508, 0.29283, 0.37932, 0.34578, 0.36703, 0.1717, 0.29522, 2016),
('South Africa', 116, 4.459, 1.02416, 0.96053, 0.18611, 0.42483, 0.08415, 0.13656, 2016),
('Sri Lanka', 117, 4.415, 0.97318, 0.84783, 0.62007, 0.50817, 0.07964, 0.46978, 2016),
('India', 118, 4.404, 0.74036, 0.29247, 0.45091, 0.40285, 0.08722, 0.25028, 2016),
('Myanmar', 119, 4.395, 0.34112, 0.69981, 0.3988, 0.42692, 0.20243, 0.81971, 2016),
('Egypt', 120, 4.362, 0.95395, 0.49813, 0.52116, 0.18847, 0.10393, 0.12706, 2016),
('Armenia', 121, 4.36, 0.86086, 0.62477, 0.64083, 0.14037, 0.03616, 0.07793, 2016),
('Kenya', 122, 4.356, 0.52267, 0.7624, 0.30147, 0.40576, 0.06686, 0.41328, 2016),
('Ukraine', 123, 4.324, 0.87287, 1.01413, 0.58628, 0.12859, 0.01829, 0.20363, 2016),
('Ghana', 124, 4.276, 0.63107, 0.49353, 0.29681, 0.40973, 0.0326, 0.21203, 2016),
('Congo (Kinshasa)', 125, 4.272, 0.05661, 0.80676, 0.188, 0.15602, 0.06075, 0.25458, 2016),
('Georgia', 126, 4.252, 0.83792, 0.19249, 0.64035, 0.32461, 0.3188, 0.06786, 2016),
('Congo (Brazzaville)', 127, 4.236, 0.77109, 0.47799, 0.28212, 0.37938, 0.09753, 0.12077, 2016),
('Senegal', 128, 4.219, 0.44314, 0.77416, 0.40457, 0.31056, 0.11681, 0.19103, 2016),
('Bulgaria', 129, 4.217, 1.11306, 0.92542, 0.67806, 0.21219, 0.00615, 0.12793, 2016),
('Mauritania', 130, 4.201, 0.61391, 0.84142, 0.28639, 0.1268, 0.17955, 0.22686, 2016),
('Zimbabwe', 131, 4.193, 0.35041, 0.71478, 0.1595, 0.25429, 0.08582, 0.18503, 2016),
('Malawi', 132, 4.156, 0.08709, 0.147, 0.29364, 0.4143, 0.07564, 0.30968, 2016),
('Sudan', 133, 4.139, 0.63069, 0.81928, 0.29759, 0, 0.10039, 0.18077, 2016),
('Gabon', 134, 4.121, 1.15851, 0.72368, 0.3494, 0.28098, 0.09314, 0.06244, 2016),
('Mali', 135, 4.073, 0.31292, 0.86333, 0.16347, 0.27544, 0.13647, 0.21064, 2016),
('Haiti', 136, 4.028, 0.34097, 0.29561, 0.27494, 0.12072, 0.14476, 0.47958, 2016),
('Botswana', 137, 3.974, 1.09426, 0.89186, 0.34752, 0.44089, 0.10769, 0.12425, 2016),
('Comoros', 138, 3.956, 0.27509, 0.60323, 0.29981, 0.15412, 0.18437, 0.1827, 2016),
('Ivory Coast', 139, 3.916, 0.55507, 0.57576, 0.04476, 0.40663, 0.1553, 0.20338, 2016),
('Cambodia', 140, 3.907, 0.55604, 0.5375, 0.42494, 0.58852, 0.08092, 0.40339, 2016),
('Angola', 141, 3.866, 0.84731, 0.66366, 0.04991, 0.00589, 0.08434, 0.12071, 2016),
('Niger', 142, 3.856, 0.1327, 0.6053, 0.26162, 0.38041, 0.17176, 0.2097, 2016),
('South Sudan', 143, 3.832, 0.39394, 0.18519, 0.15781, 0.19662, 0.13015, 0.25899, 2016),
('Chad', 144, 3.763, 0.42214, 0.63178, 0.03824, 0.12807, 0.04952, 0.18667, 2016),
('Burkina Faso', 145, 3.739, 0.31995, 0.63054, 0.21297, 0.3337, 0.12533, 0.24353, 2016),
('Uganda', 145, 3.739, 0.34719, 0.90981, 0.19625, 0.43653, 0.06442, 0.27102, 2016),
('Yemen', 147, 3.724, 0.57939, 0.47493, 0.31048, 0.2287, 0.05892, 0.09821, 2016),
('Madagascar', 148, 3.695, 0.27954, 0.46115, 0.37109, 0.13684, 0.07506, 0.2204, 2016),
('Tanzania', 149, 3.666, 0.47155, 0.77623, 0.357, 0.3176, 0.05099, 0.31472, 2016),
('Liberia', 150, 3.622, 0.10706, 0.50353, 0.23165, 0.25748, 0.04852, 0.24063, 2016),
('Guinea', 151, 3.607, 0.22415, 0.3109, 0.18829, 0.30953, 0.1192, 0.29914, 2016),
('Rwanda', 152, 3.515, 0.32846, 0.61586, 0.31865, 0.5432, 0.50521, 0.23552, 2016),
('Benin', 153, 3.484, 0.39499, 0.10419, 0.21028, 0.39747, 0.06681, 0.2018, 2016),
('Afghanistan', 154, 3.36, 0.38227, 0.11037, 0.17344, 0.1643, 0.07112, 0.31268, 2016),
('Togo', 155, 3.303, 0.28123, 0, 0.24811, 0.34678, 0.11587, 0.17517, 2016),
('Syria', 156, 3.069, 0.74719, 0.14866, 0.62994, 0.06912, 0.17233, 0.48397, 2016),
('Burundi', 157, 2.905, 0.06831, 0.23442, 0.15747, 0.0432, 0.09419, 0.2029, 2016),
('Norway', 1, 7.537, 1.61646, 1.53352, 0.796667, 0.635423, 0.362012, 0.315964, 2017),
('Denmark', 2, 7.522, 1.48238, 1.55112, 0.792566, 0.626007, 0.35528, 0.40077, 2017),
('Iceland', 3, 7.504, 1.48063, 1.61057, 0.833552, 0.627163, 0.47554, 0.153527, 2017),
('Switzerland', 4, 7.494, 1.56498, 1.51691, 0.858131, 0.620071, 0.290549, 0.367007, 2017),
('Finland', 5, 7.469, 1.44357, 1.54025, 0.809158, 0.617951, 0.245483, 0.382612, 2017),
('Netherlands', 6, 7.377, 1.50394, 1.42894, 0.810696, 0.585384, 0.47049, 0.282662, 2017),
('Canada', 7, 7.316, 1.4792, 1.48135, 0.834558, 0.611101, 0.43554, 0.287372, 2017),
('New Zealand', 8, 7.314, 1.40571, 1.5482, 0.81676, 0.614062, 0.500005, 0.382817, 2017),
('Sweden', 9, 7.284, 1.49439, 1.47816, 0.830875, 0.612924, 0.385399, 0.384399, 2017),
('Australia', 10, 7.284, 1.48441, 1.51004, 0.843887, 0.601607, 0.477699, 0.301184, 2017),
('Israel', 11, 7.213, 1.37538, 1.37629, 0.838404, 0.405989, 0.330083, 0.0852421, 2017),
('Costa Rica', 12, 7.079, 1.10971, 1.4164, 0.759509, 0.580132, 0.214613, 0.100107, 2017),
('Austria', 13, 7.006, 1.4871, 1.45994, 0.815328, 0.567766, 0.316472, 0.22106, 2017),
('United States', 14, 6.993, 1.54626, 1.41992, 0.774287, 0.505741, 0.392579, 0.135639, 2017),
('Ireland', 15, 6.977, 1.53571, 1.55823, 0.809783, 0.57311, 0.427858, 0.298388, 2017),
('Germany', 16, 6.951, 1.48792, 1.47252, 0.798951, 0.562511, 0.336269, 0.276732, 2017),
('Belgium', 17, 6.891, 1.46378, 1.46231, 0.818092, 0.539771, 0.231503, 0.251343, 2017),
('Luxembourg', 18, 6.863, 1.74194, 1.45758, 0.845089, 0.596628, 0.283181, 0.318834, 2017),
('United Kingdom', 19, 6.714, 1.44163, 1.49646, 0.805336, 0.50819, 0.492774, 0.265428, 2017),
('Chile', 20, 6.652, 1.25278, 1.28402, 0.81948, 0.376895, 0.326662, 0.082288, 2017),
('United Arab Emirates', 21, 6.648, 1.62634, 1.26641, 0.726798, 0.608345, 0.360942, 0.32449, 2017),
('Brazil', 22, 6.635, 1.10735, 1.43131, 0.616552, 0.437454, 0.16235, 0.111093, 2017),
('Czech Republic', 23, 6.609, 1.35268, 1.43389, 0.754444, 0.490946, 0.0881068, 0.0368729, 2017),
('Argentina', 24, 6.599, 1.1853, 1.44045, 0.695137, 0.494519, 0.109457, 0.0597399, 2017),
('Mexico', 25, 6.578, 1.15318, 1.21086, 0.709979, 0.41273, 0.12099, 0.132774, 2017),
('Singapore', 26, 6.572, 1.69228, 1.35381, 0.949492, 0.549841, 0.345966, 0.464308, 2017),
('Malta', 27, 6.527, 1.34328, 1.48841, 0.821944, 0.588767, 0.574731, 0.153066, 2017),
('Uruguay', 28, 6.454, 1.21756, 1.41223, 0.719217, 0.579392, 0.175097, 0.178062, 2017),
('Guatemala', 29, 6.454, 0.872002, 1.25559, 0.54024, 0.531311, 0.283488, 0.0772233, 2017),
('Panama', 30, 6.452, 1.23375, 1.37319, 0.706156, 0.550027, 0.210557, 0.0709839, 2017),
('France', 31, 6.442, 1.43092, 1.38778, 0.844466, 0.470222, 0.129762, 0.172502, 2017),
('Thailand', 32, 6.424, 1.12787, 1.42579, 0.647239, 0.580201, 0.572123, 0.0316127, 2017),
('Taiwan Province of China', 33, 6.422, 1.43363, 1.38457, 0.793984, 0.361467, 0.25836, 0.0638292, 2017),
('Spain', 34, 6.403, 1.3844, 1.53209, 0.888961, 0.408781, 0.190134, 0.0709141, 2017),
('Qatar', 35, 6.375, 1.87077, 1.2743, 0.710098, 0.604131, 0.330474, 0.439299, 2017),
('Colombia', 36, 6.357, 1.07062, 1.40218, 0.595028, 0.477487, 0.149014, 0.0466687, 2017),
('Saudi Arabia', 37, 6.344, 1.53062, 1.28668, 0.590148, 0.449751, 0.147616, 0.273432, 2017),
('Trinidad and Tobago', 38, 6.168, 1.36136, 1.38023, 0.519983, 0.518631, 0.325296, 0.00896481, 2017),
('Kuwait', 39, 6.105, 1.63295, 1.2597, 0.632106, 0.496338, 0.22829, 0.21516, 2017),
('Slovakia', 40, 6.098, 1.32539, 1.50506, 0.712733, 0.295817, 0.136544, 0.0242108, 2017),
('Bahrain', 41, 6.087, 1.48841, 1.32311, 0.653133, 0.536747, 0.172668, 0.257042, 2017),
('Malaysia', 42, 6.084, 1.29122, 1.28465, 0.618784, 0.402265, 0.416609, 0.0656007, 2017),
('Nicaragua', 43, 6.071, 0.737299, 1.28722, 0.653096, 0.447552, 0.301674, 0.130688, 2017),
('Ecuador', 44, 6.008, 1.00082, 1.28617, 0.685636, 0.455198, 0.150112, 0.140135, 2017),
('El Salvador', 45, 6.003, 0.909784, 1.18213, 0.596019, 0.432453, 0.078258, 0.089981, 2017),
('Poland', 46, 5.973, 1.29179, 1.44571, 0.699475, 0.520342, 0.158466, 0.0593078, 2017),
('Uzbekistan', 47, 5.971, 0.786441, 1.54897, 0.498273, 0.658249, 0.415984, 0.246528, 2017),
('Italy', 48, 5.964, 1.39507, 1.44492, 0.853144, 0.256451, 0.17279, 0.0280281, 2017),
('Russia', 49, 5.963, 1.28178, 1.46928, 0.547349, 0.373783, 0.0522638, 0.0329629, 2017),
('Belize', 50, 5.956, 0.907975, 1.08142, 0.450192, 0.547509, 0.240016, 0.0965811, 2017),
('Japan', 51, 5.92, 1.41692, 1.43634, 0.913476, 0.505626, 0.120573, 0.163761, 2017),
('Lithuania', 52, 5.902, 1.31458, 1.47352, 0.62895, 0.234232, 0.0101647, 0.0118656, 2017),
('Algeria', 53, 5.872, 1.09186, 1.14622, 0.617585, 0.233336, 0.0694366, 0.146096, 2017),
('Latvia', 54, 5.85, 1.26075, 1.40471, 0.638567, 0.325708, 0.153075, 0.0738427, 2017),
('South Korea', 55, 5.838, 1.40168, 1.12827, 0.900214, 0.257922, 0.206674, 0.0632827, 2017),
('Moldova', 56, 5.838, 0.728871, 1.25183, 0.589465, 0.240729, 0.208779, 0.0100913, 2017),
('Romania', 57, 5.825, 1.21768, 1.15009, 0.685158, 0.457004, 0.13352, 0.0043879, 2017),
('Bolivia', 58, 5.823, 0.833757, 1.22762, 0.47363, 0.558733, 0.225561, 0.0604777, 2017),
('Turkmenistan', 59, 5.822, 1.13078, 1.49315, 0.437726, 0.418272, 0.249925, 0.25927, 2017),
('Kazakhstan', 60, 5.819, 1.28456, 1.38437, 0.606042, 0.437454, 0.201964, 0.119283, 2017),
('North Cyprus', 61, 5.81, 1.34691, 1.1863, 0.834647, 0.471204, 0.266846, 0.155353, 2017),
('Slovenia', 62, 5.758, 1.34121, 1.45252, 0.790828, 0.572576, 0.242649, 0.045129, 2017),
('Peru', 63, 5.715, 1.03523, 1.21877, 0.630166, 0.450003, 0.12682, 0.0470491, 2017),
('Mauritius', 64, 5.629, 1.1894, 1.20956, 0.638007, 0.491247, 0.360934, 0.0421816, 2017),
('Cyprus', 65, 5.621, 1.35594, 1.13136, 0.844715, 0.355112, 0.271254, 0.041238, 2017),
('Estonia', 66, 5.611, 1.32088, 1.47667, 0.695168, 0.479131, 0.0988908, 0.183249, 2017),
('Belarus', 67, 5.569, 1.15656, 1.44495, 0.637714, 0.2954, 0.155137, 0.156314, 2017),
('Libya', 68, 5.525, 1.1018, 1.35756, 0.520169, 0.465733, 0.152074, 0.0926102, 2017),
('Turkey', 69, 5.5, 1.19827, 1.33775, 0.637606, 0.300741, 0.046693, 0.0996716, 2017),
('Paraguay', 70, 5.493, 0.932537, 1.50728, 0.579251, 0.473508, 0.224151, 0.0910659, 2017),
('Hong Kong S.A.R., China', 71, 5.472, 1.55167, 1.26279, 0.943062, 0.490969, 0.374466, 0.293934, 2017),
('Philippines', 72, 5.43, 0.857699, 1.25392, 0.468009, 0.585215, 0.193513, 0.0993319, 2017),
('Serbia', 73, 5.395, 1.06932, 1.25819, 0.650785, 0.208716, 0.220126, 0.0409038, 2017),
('Jordan', 74, 5.336, 0.991012, 1.23909, 0.60459, 0.418421, 0.17217, 0.119803, 2017),
('Hungary', 75, 5.324, 1.28601, 1.34313, 0.687763, 0.175864, 0.0784017, 0.0366369, 2017),
('Jamaica', 76, 5.311, 0.925579, 1.36822, 0.641022, 0.474307, 0.233818, 0.0552678, 2017),
('Croatia', 77, 5.293, 1.22256, 0.967983, 0.701289, 0.255772, 0.248003, 0.0431031, 2017),
('Kosovo', 78, 5.279, 0.951484, 1.13785, 0.541452, 0.260288, 0.319931, 0.0574716, 2017),
('China', 79, 5.273, 1.08117, 1.16084, 0.741416, 0.472788, 0.0288068, 0.0227943, 2017),
('Pakistan', 80, 5.269, 0.726884, 0.672691, 0.402048, 0.235215, 0.315446, 0.124348, 2017),
('Indonesia', 81, 5.262, 0.995539, 1.27444, 0.492346, 0.443323, 0.611705, 0.0153171, 2017),
('Venezuela', 82, 5.25, 1.12843, 1.43134, 0.617144, 0.153997, 0.0650196, 0.0644911, 2017),
('Montenegro', 83, 5.237, 1.12113, 1.23838, 0.667465, 0.194989, 0.197911, 0.0881742, 2017),
('Morocco', 84, 5.235, 0.878115, 0.774864, 0.597711, 0.408158, 0.03221, 0.0877632, 2017),
('Azerbaijan', 85, 5.234, 1.1536, 1.1524, 0.540776, 0.398156, 0.0452693, 0.180988, 2017),
('Dominican Republic', 86, 5.23, 1.07937, 1.40242, 0.574874, 0.55259, 0.186968, 0.113945, 2017),
('Greece', 87, 5.227, 1.28949, 1.23941, 0.810199, 0.0957313, 0, 0.0432898, 2017),
('Lebanon', 88, 5.225, 1.07499, 1.12962, 0.735081, 0.288516, 0.264451, 0.0375138, 2017),
('Portugal', 89, 5.195, 1.31518, 1.36704, 0.795844, 0.498465, 0.0951027, 0.0158694, 2017),
('Bosnia and Herzegovina', 90, 5.182, 0.982409, 1.06934, 0.705186, 0.204403, 0.328867, 0, 2017),
('Honduras', 91, 5.181, 0.730573, 1.14394, 0.582569, 0.34808, 0.236189, 0.0733455, 2017),
('Macedonia', 92, 5.175, 1.06458, 1.20789, 0.644948, 0.325906, 0.253761, 0.0602778, 2017),
('Somalia', 93, 5.151, 0.0226432, 0.721151, 0.113989, 0.602127, 0.291631, 0.28241, 2017),
('Vietnam', 94, 5.074, 0.788548, 1.27749, 0.652169, 0.571056, 0.234968, 0.0876332, 2017),
('Nigeria', 95, 5.074, 0.783756, 1.21577, 0.0569157, 0.394953, 0.230947, 0.0261216, 2017),
('Tajikistan', 96, 5.041, 0.524714, 1.27146, 0.529235, 0.471567, 0.248998, 0.146377, 2017),
('Bhutan', 97, 5.011, 0.885416, 1.34013, 0.495879, 0.501538, 0.474055, 0.17338, 2017),
('Kyrgyzstan', 98, 5.004, 0.59622, 1.39424, 0.553458, 0.454943, 0.42858, 0.0394392, 2017),
('Nepal', 99, 4.962, 0.47982, 1.17928, 0.504131, 0.440306, 0.394096, 0.0729755, 2017),
('Mongolia', 100, 4.955, 1.02724, 1.49301, 0.557783, 0.394144, 0.338464, 0.0329023, 2017),
('South Africa', 101, 4.829, 1.0547, 1.38479, 0.18708, 0.479247, 0.139362, 0.0725095, 2017),
('Tunisia', 102, 4.805, 1.00727, 0.868351, 0.613212, 0.289681, 0.0496933, 0.0867231, 2017),
('Palestinian Territories', 103, 4.775, 0.716249, 1.15565, 0.565667, 0.254711, 0.114173, 0.0892826, 2017),
('Egypt', 104, 4.735, 0.989702, 0.997471, 0.520187, 0.28211, 0.128631, 0.114381, 2017),
('Bulgaria', 105, 4.714, 1.16146, 1.43438, 0.708218, 0.289232, 0.113178, 0.0110515, 2017),
('Sierra Leone', 106, 4.709, 0.368421, 0.984136, 0.00556475, 0.318698, 0.293041, 0.0710952, 2017),
('Cameroon', 107, 4.695, 0.564305, 0.946018, 0.132892, 0.430389, 0.236298, 0.0513066, 2017),
('Iran', 108, 4.692, 1.15687, 0.711551, 0.639333, 0.249323, 0.387243, 0.0487611, 2017),
('Albania', 109, 4.644, 0.996193, 0.803685, 0.73116, 0.381499, 0.201313, 0.0398642, 2017),
('Bangladesh', 110, 4.608, 0.586683, 0.735132, 0.533241, 0.478357, 0.172255, 0.123718, 2017),
('Namibia', 111, 4.574, 0.964434, 1.09847, 0.338612, 0.520304, 0.0771337, 0.093147, 2017),
('Kenya', 112, 4.553, 0.560479, 1.06795, 0.309988, 0.452764, 0.44486, 0.0646413, 2017),
('Mozambique', 113, 4.55, 0.234306, 0.870701, 0.106654, 0.480791, 0.322228, 0.179436, 2017),
('Myanmar', 114, 4.545, 0.367111, 1.12324, 0.397523, 0.514492, 0.838075, 0.188816, 2017),
('Senegal', 115, 4.535, 0.479309, 1.17969, 0.409363, 0.377922, 0.183469, 0.11546, 2017),
('Zambia', 116, 4.514, 0.636407, 1.00319, 0.257836, 0.461603, 0.24958, 0.0782136, 2017),
('Iraq', 117, 4.497, 1.10271, 0.978613, 0.50118, 0.288556, 0.199637, 0.107216, 2017),
('Gabon', 118, 4.465, 1.19821, 1.15562, 0.356579, 0.312329, 0.0437854, 0.0760468, 2017),
('Ethiopia', 119, 4.46, 0.339234, 0.864669, 0.35341, 0.408843, 0.312651, 0.165456, 2017),
('Sri Lanka', 120, 4.44, 1.00985, 1.25998, 0.625131, 0.561213, 0.490864, 0.073654, 2017),
('Armenia', 121, 4.376, 0.900597, 1.00748, 0.637524, 0.198303, 0.0834881, 0.0266744, 2017),
('India', 122, 4.315, 0.792221, 0.754373, 0.455428, 0.469987, 0.231538, 0.0922269, 2017),
('Mauritania', 123, 4.292, 0.648457, 1.27203, 0.285349, 0.096098, 0.20187, 0.136957, 2017),
('Congo (Brazzaville)', 124, 4.291, 0.808964, 0.832044, 0.289957, 0.435026, 0.120852, 0.0796181, 2017),
('Georgia', 125, 4.286, 0.950613, 0.570615, 0.649547, 0.30941, 0.0540088, 0.251667, 2017),
('Congo (Kinshasa)', 126, 4.28, 0.0921023, 1.22902, 0.191407, 0.235961, 0.246456, 0.0602413, 2017),
('Mali', 127, 4.19, 0.47618, 1.28147, 0.169366, 0.306614, 0.183354, 0.10497, 2017),
('Ivory Coast', 128, 4.18, 0.603049, 0.90478, 0.0486422, 0.447706, 0.201237, 0.130062, 2017),
('Cambodia', 129, 4.168, 0.601765, 1.00624, 0.429783, 0.633376, 0.385923, 0.068106, 2017),
('Sudan', 130, 4.139, 0.659517, 1.21401, 0.290921, 0.0149958, 0.182317, 0.0898475, 2017),
('Ghana', 131, 4.12, 0.667225, 0.873665, 0.295638, 0.423026, 0.256924, 0.0253364, 2017),
('Ukraine', 132, 4.096, 0.894652, 1.39454, 0.575904, 0.122975, 0.270061, 0.0230295, 2017),
('Uganda', 133, 4.081, 0.381431, 1.12983, 0.217633, 0.443186, 0.325766, 0.0570697, 2017),
('Burkina Faso', 134, 4.032, 0.350228, 1.04328, 0.215844, 0.324368, 0.250865, 0.120328, 2017),
('Niger', 135, 4.028, 0.161925, 0.993025, 0.268505, 0.363659, 0.228674, 0.138573, 2017),
('Malawi', 136, 3.97, 0.233442, 0.512569, 0.31509, 0.466915, 0.28717, 0.0727116, 2017),
('Chad', 137, 3.936, 0.438013, 0.953856, 0.0411347, 0.162342, 0.216114, 0.0535819, 2017),
('Zimbabwe', 138, 3.875, 0.375847, 1.0831, 0.196764, 0.336384, 0.189143, 0.0953754, 2017),
('Lesotho', 139, 3.808, 0.521021, 1.1901, 0, 0.390661, 0.157497, 0.119095, 2017),
('Angola', 140, 3.795, 0.858428, 1.10441, 0.0498687, 0, 0.0979265, 0.0697203, 2017),
('Afghanistan', 141, 3.794, 0.401477, 0.581543, 0.180747, 0.10618, 0.311871, 0.0611578, 2017),
('Botswana', 142, 3.766, 1.12209, 1.22155, 0.341756, 0.505196, 0.0993484, 0.0985832, 2017),
('Benin', 143, 3.657, 0.431085, 0.4353, 0.20993, 0.425963, 0.207948, 0.060929, 2017),
('Madagascar', 144, 3.644, 0.305809, 0.91302, 0.375223, 0.189197, 0.208733, 0.067232, 2017),
('Haiti', 145, 3.603, 0.36861, 0.64045, 0.277321, 0.0303698, 0.489204, 0.0998721, 2017),
('Yemen', 146, 3.593, 0.591683, 0.935382, 0.310081, 0.249464, 0.104125, 0.0567674, 2017),
('South Sudan', 147, 3.591, 0.397249, 0.601323, 0.163486, 0.147062, 0.285671, 0.116794, 2017),
('Liberia', 148, 3.533, 0.119042, 0.872118, 0.229918, 0.332881, 0.26655, 0.0389482, 2017),
('Guinea', 149, 3.507, 0.24455, 0.791245, 0.194129, 0.348588, 0.264815, 0.110938, 2017),
('Togo', 150, 3.495, 0.305445, 0.431883, 0.247106, 0.380426, 0.196896, 0.095665, 2017),
('Rwanda', 151, 3.471, 0.368746, 0.945707, 0.326425, 0.581844, 0.252756, 0.45522, 2017),
('Syria', 152, 3.462, 0.777153, 0.396103, 0.500533, 0.0815394, 0.493664, 0.151347, 2017),
('Tanzania', 153, 3.349, 0.511136, 1.04199, 0.364509, 0.390018, 0.354256, 0.0660351, 2017),
('Burundi', 154, 2.905, 0.0916226, 0.629794, 0.151611, 0.0599007, 0.204435, 0.0841479, 2017),
('Central African Republic', 155, 2.693, 0, 0, 0.0187727, 0.270842, 0.280876, 0.0565651, 2017),
('Finland', 1, 7.632, 1.305, 1.592, 0.874, 0.681, 0.393, 0.202, 2018),
('Norway', 2, 7.594, 1.456, 1.582, 0.861, 0.686, 0.34, 0.286, 2018),
('Denmark', 3, 7.555, 1.351, 1.59, 0.868, 0.683, 0.408, 0.284, 2018),
('Iceland', 4, 7.495, 1.343, 1.644, 0.914, 0.677, 0.138, 0.353, 2018),
('Switzerland', 5, 7.487, 1.42, 1.549, 0.927, 0.66, 0.357, 0.256, 2018),
('Netherlands', 6, 7.441, 1.361, 1.488, 0.878, 0.638, 0.295, 0.333, 2018),
('Canada', 7, 7.328, 1.33, 1.532, 0.896, 0.653, 0.291, 0.321, 2018),
('New Zealand', 8, 7.324, 1.268, 1.601, 0.876, 0.669, 0.389, 0.365, 2018),
('Sweden', 9, 7.314, 1.355, 1.501, 0.913, 0.659, 0.383, 0.285, 2018),
('Australia', 10, 7.272, 1.34, 1.573, 0.91, 0.647, 0.302, 0.361, 2018),
('United Kingdom', 11, 7.19, 1.244, 1.433, 0.888, 0.464, 0.082, 0.262, 2018),
('Austria', 12, 7.139, 1.341, 1.504, 0.891, 0.617, 0.224, 0.242, 2018),
('Costa Rica', 13, 7.072, 1.01, 1.459, 0.817, 0.632, 0.101, 0.143, 2018),
('Ireland', 14, 6.977, 1.448, 1.583, 0.876, 0.614, 0.306, 0.307, 2018),
('Germany', 15, 6.965, 1.34, 1.474, 0.861, 0.586, 0.28, 0.273, 2018),
('Belgium', 16, 6.927, 1.324, 1.483, 0.894, 0.583, 0.24, 0.188, 2018),
('Luxembourg', 17, 6.91, 1.576, 1.52, 0.896, 0.632, 0.321, 0.196, 2018),
('United States', 18, 6.886, 1.398, 1.471, 0.819, 0.547, 0.133, 0.291, 2018),
('Israel', 19, 6.814, 1.301, 1.559, 0.883, 0.533, 0.272, 0.354, 2018),
('United Arab Emirates', 20, 6.774, 2.096, 0.776, 0.67, 0.284, 0, 0.186, 2018),
('Czech Republic', 21, 6.711, 1.233, 1.489, 0.854, 0.543, 0.034, 0.064, 2018),
('Malta', 22, 6.627, 1.27, 1.525, 0.884, 0.645, 0.142, 0.376, 2018),
('France', 23, 6.489, 1.293, 1.466, 0.908, 0.52, 0.176, 0.098, 2018),
('Mexico', 24, 6.488, 1.038, 1.252, 0.761, 0.479, 0.095, 0.069, 2018),
('Chile', 25, 6.476, 1.131, 1.331, 0.808, 0.431, 0.061, 0.197, 2018),
('Taiwan', 26, 6.441, 1.365, 1.436, 0.857, 0.418, 0.078, 0.151, 2018),
('Panama', 27, 6.43, 1.112, 1.438, 0.759, 0.597, 0.063, 0.125, 2018),
('Brazil', 28, 6.419, 0.986, 1.474, 0.675, 0.493, 0.088, 0.11, 2018),
('Argentina', 29, 6.388, 1.073, 1.468, 0.744, 0.57, 0.054, 0.062, 2018),
('Guatemala', 30, 6.382, 0.781, 1.268, 0.608, 0.604, 0.071, 0.179, 2018),
('Uruguay', 31, 6.379, 1.093, 1.459, 0.771, 0.625, 0.155, 0.13, 2018),
('Qatar', 32, 6.374, 1.649, 1.303, 0.748, 0.654, 0.171, 0.256, 2018),
('Saudi Arabia', 33, 6.371, 1.379, 1.331, 0.633, 0.509, 0.127, 0.098, 2018),
('Singapore', 34, 6.343, 1.529, 1.451, 1.008, 0.631, 0.457, 0.261, 2018),
('Malaysia', 35, 6.322, 1.161, 1.258, 0.669, 0.356, 0.059, 0.311, 2018),
('Spain', 36, 6.31, 1.251, 1.538, 0.965, 0.449, 0.074, 0.142, 2018),
('Colombia', 37, 6.26, 0.96, 1.439, 0.635, 0.531, 0.039, 0.099, 2018),
('Trinidad & Tobago', 38, 6.192, 1.223, 1.492, 0.564, 0.575, 0.019, 0.171, 2018),
('Slovakia', 39, 6.173, 1.21, 1.537, 0.776, 0.354, 0.014, 0.118, 2018),
('El Salvador', 40, 6.167, 0.806, 1.231, 0.639, 0.461, 0.082, 0.065, 2018),
('Nicaragua', 41, 6.141, 0.668, 1.319, 0.7, 0.527, 0.128, 0.208, 2018),
('Poland', 42, 6.123, 1.176, 1.448, 0.781, 0.546, 0.064, 0.108, 2018),
('Bahrain', 43, 6.105, 1.338, 1.366, 0.698, 0.594, 0.123, 0.243, 2018),
('Uzbekistan', 44, 6.096, 0.719, 1.584, 0.605, 0.724, 0.259, 0.328, 2018),
('Kuwait', 45, 6.083, 1.474, 1.301, 0.675, 0.554, 0.106, 0.167, 2018),
('Thailand', 46, 6.072, 1.016, 1.417, 0.707, 0.637, 0.029, 0.364, 2018),
('Italy', 47, 6, 1.264, 1.501, 0.946, 0.281, 0.028, 0.137, 2018),
('Ecuador', 48, 5.973, 0.889, 1.33, 0.736, 0.556, 0.12, 0.114, 2018),
('Belize', 49, 5.956, 0.807, 1.101, 0.474, 0.593, 0.089, 0.183, 2018),
('Lithuania', 50, 5.952, 1.197, 1.527, 0.716, 0.35, 0.006, 0.026, 2018),
('Slovenia', 51, 5.948, 1.219, 1.506, 0.856, 0.633, 0.051, 0.16, 2018),
('Romania', 52, 5.945, 1.116, 1.219, 0.726, 0.528, 0.001, 0.088, 2018),
('Latvia', 53, 5.933, 1.148, 1.454, 0.671, 0.363, 0.066, 0.092, 2018),
('Japan', 54, 5.915, 1.294, 1.462, 0.988, 0.553, 0.15, 0.079, 2018),
('Mauritius', 55, 5.891, 1.09, 1.387, 0.684, 0.584, 0.05, 0.245, 2018),
('Jamaica', 56, 5.89, 0.819, 1.493, 0.693, 0.575, 0.031, 0.096, 2018),
('South Korea', 57, 5.875, 1.266, 1.204, 0.955, 0.244, 0.051, 0.175, 2018),
('Northern Cyprus', 58, 5.835, 1.229, 1.211, 0.909, 0.495, 0.154, 0.179, 2018),
('Russia', 59, 5.81, 1.151, 1.479, 0.599, 0.399, 0.025, 0.065, 2018),
('Kazakhstan', 60, 5.79, 1.143, 1.516, 0.631, 0.454, 0.121, 0.148, 2018),
('Cyprus', 61, 5.762, 1.229, 1.191, 0.909, 0.423, 0.035, 0.202, 2018),
('Bolivia', 62, 5.752, 0.751, 1.223, 0.508, 0.606, 0.054, 0.141, 2018),
('Estonia', 63, 5.739, 1.2, 1.532, 0.737, 0.553, 0.174, 0.086, 2018),
('Paraguay', 64, 5.681, 0.835, 1.522, 0.615, 0.541, 0.074, 0.162, 2018),
('Peru', 65, 5.663, 0.934, 1.249, 0.674, 0.53, 0.034, 0.092, 2018),
('Kosovo', 66, 5.662, 0.855, 1.23, 0.578, 0.448, 0.023, 0.274, 2018),
('Moldova', 67, 5.64, 0.657, 1.301, 0.62, 0.232, 0, 0.171, 2018),
('Turkmenistan', 68, 5.636, 1.016, 1.533, 0.517, 0.417, 0.037, 0.199, 2018),
('Hungary', 69, 5.62, 1.171, 1.401, 0.732, 0.259, 0.022, 0.061, 2018),
('Libya', 70, 5.566, 0.985, 1.35, 0.553, 0.496, 0.148, 0.116, 2018),
('Philippines', 71, 5.524, 0.775, 1.312, 0.513, 0.643, 0.105, 0.12, 2018),
('Honduras', 72, 5.504, 0.62, 1.205, 0.622, 0.459, 0.074, 0.197, 2018),
('Belarus', 73, 5.483, 1.039, 1.498, 0.7, 0.307, 0.154, 0.101, 2018),
('Turkey', 74, 5.483, 1.148, 1.38, 0.686, 0.324, 0.109, 0.106, 2018),
('Pakistan', 75, 5.472, 0.652, 0.81, 0.424, 0.334, 0.113, 0.216, 2018),
('Hong Kong', 76, 5.43, 1.405, 1.29, 1.03, 0.524, 0.291, 0.246, 2018),
('Portugal', 77, 5.41, 1.188, 1.429, 0.884, 0.562, 0.017, 0.055, 2018),
('Serbia', 78, 5.398, 0.975, 1.369, 0.685, 0.288, 0.043, 0.134, 2018),
('Greece', 79, 5.358, 1.154, 1.202, 0.879, 0.131, 0.044, 0, 2018),
('Lebanon', 80, 5.358, 0.965, 1.179, 0.785, 0.503, 0.136, 0.214, 2018),
('Montenegro', 81, 5.347, 1.017, 1.279, 0.729, 0.259, 0.081, 0.111, 2018),
('Croatia', 82, 5.321, 1.115, 1.161, 0.737, 0.38, 0.039, 0.12, 2018),
('Dominican Republic', 83, 5.302, 0.982, 1.441, 0.614, 0.578, 0.106, 0.12, 2018),
('Algeria', 84, 5.295, 0.979, 1.154, 0.687, 0.077, 0.135, 0.055, 2018),
('Morocco', 85, 5.254, 0.779, 0.797, 0.669, 0.46, 0.074, 0.026, 2018),
('China', 86, 5.246, 0.989, 1.142, 0.799, 0.597, 0.103, 0.029, 2018),
('Azerbaijan', 87, 5.201, 1.024, 1.161, 0.603, 0.43, 0.176, 0.031, 2018),
('Tajikistan', 88, 5.199, 0.474, 1.166, 0.598, 0.292, 0.034, 0.187, 2018),
('Macedonia', 89, 5.185, 0.959, 1.239, 0.691, 0.394, 0.052, 0.173, 2018),
('Jordan', 90, 5.161, 0.822, 1.265, 0.645, 0.468, 0.134, 0.13, 2018),
('Nigeria', 91, 5.155, 0.689, 1.172, 0.048, 0.462, 0.032, 0.201, 2018),
('Kyrgyzstan', 92, 5.131, 0.53, 1.416, 0.594, 0.54, 0.035, 0.281, 2018),
('Bosnia and Herzegovina', 93, 5.129, 0.915, 1.078, 0.758, 0.28, 0, 0.216, 2018),
('Mongolia', 94, 5.125, 0.914, 1.517, 0.575, 0.395, 0.032, 0.253, 2018),
('Vietnam', 95, 5.103, 0.715, 1.365, 0.702, 0.618, 0.079, 0.177, 2018),
('Indonesia', 96, 5.093, 0.899, 1.215, 0.522, 0.538, 0.018, 0.484, 2018),
('Bhutan', 97, 5.082, 0.796, 1.335, 0.527, 0.541, 0.171, 0.364, 2018),
('Somalia', 98, 4.982, 0, 0.712, 0.115, 0.674, 0.282, 0.238, 2018),
('Cameroon', 99, 4.975, 0.535, 0.891, 0.182, 0.454, 0.043, 0.183, 2018),
('Bulgaria', 100, 4.933, 1.054, 1.515, 0.712, 0.359, 0.009, 0.064, 2018),
('Nepal', 101, 4.88, 0.425, 1.228, 0.539, 0.526, 0.078, 0.302, 2018),
('Venezuela', 102, 4.806, 0.996, 1.469, 0.657, 0.133, 0.052, 0.056, 2018),
('Gabon', 103, 4.758, 1.036, 1.164, 0.404, 0.356, 0.052, 0.032, 2018),
('Palestinian Territories', 104, 4.743, 0.642, 1.217, 0.602, 0.266, 0.076, 0.086, 2018),
('South Africa', 105, 4.724, 0.94, 1.41, 0.33, 0.516, 0.056, 0.103, 2018),
('Iran', 106, 4.707, 1.059, 0.771, 0.691, 0.459, 0.129, 0.282, 2018),
('Ivory Coast', 107, 4.671, 0.541, 0.872, 0.08, 0.467, 0.103, 0.146, 2018),
('Ghana', 108, 4.657, 0.592, 0.896, 0.337, 0.499, 0.029, 0.212, 2018),
('Senegal', 109, 4.631, 0.429, 1.117, 0.433, 0.406, 0.082, 0.138, 2018),
('Laos', 110, 4.623, 0.72, 1.034, 0.441, 0.626, 0.174, 0.23, 2018),
('Tunisia', 111, 4.592, 0.9, 0.906, 0.69, 0.271, 0.063, 0.04, 2018),
('Albania', 112, 4.586, 0.916, 0.817, 0.79, 0.419, 0.032, 0.149, 2018),
('Sierra Leone', 113, 4.571, 0.256, 0.813, 0, 0.355, 0.053, 0.238, 2018),
('Congo (Brazzaville)', 114, 4.559, 0.682, 0.811, 0.343, 0.514, 0.077, 0.091, 2018),
('Bangladesh', 115, 4.5, 0.532, 0.85, 0.579, 0.58, 0.144, 0.153, 2018),
('Sri Lanka', 116, 4.471, 0.918, 1.314, 0.672, 0.585, 0.05, 0.307, 2018),
('Iraq', 117, 4.456, 1.01, 0.971, 0.536, 0.304, 0.095, 0.148, 2018),
('Mali', 118, 4.447, 0.37, 1.233, 0.152, 0.367, 0.056, 0.139, 2018),
('Namibia', 119, 4.441, 0.874, 1.281, 0.365, 0.519, 0.064, 0.051, 2018),
('Cambodia', 120, 4.433, 0.549, 1.088, 0.457, 0.696, 0.065, 0.256, 2018),
('Burkina Faso', 121, 4.424, 0.314, 1.097, 0.254, 0.312, 0.128, 0.175, 2018),
('Egypt', 122, 4.419, 0.885, 1.025, 0.553, 0.312, 0.107, 0.092, 2018),
('Mozambique', 123, 4.417, 0.198, 0.902, 0.173, 0.531, 0.158, 0.206, 2018),
('Kenya', 124, 4.41, 0.493, 1.048, 0.454, 0.504, 0.055, 0.352, 2018),
('Zambia', 125, 4.377, 0.562, 1.047, 0.295, 0.503, 0.082, 0.221, 2018),
('Mauritania', 126, 4.356, 0.557, 1.245, 0.292, 0.129, 0.093, 0.134, 2018),
('Ethiopia', 127, 4.35, 0.308, 0.95, 0.391, 0.452, 0.146, 0.22, 2018),
('Georgia', 128, 4.34, 0.853, 0.592, 0.643, 0.375, 0.215, 0.038, 2018),
('Armenia', 129, 4.321, 0.816, 0.99, 0.666, 0.26, 0.028, 0.077, 2018),
('Myanmar', 130, 4.308, 0.682, 1.174, 0.429, 0.58, 0.178, 0.598, 2018),
('Chad', 131, 4.301, 0.358, 0.907, 0.053, 0.189, 0.06, 0.181, 2018),
('Congo (Kinshasa)', 132, 4.245, 0.069, 1.136, 0.204, 0.312, 0.052, 0.197, 2018),
('India', 133, 4.19, 0.721, 0.747, 0.485, 0.539, 0.093, 0.172, 2018),
('Niger', 134, 4.166, 0.131, 0.867, 0.221, 0.39, 0.099, 0.175, 2018),
('Uganda', 135, 4.161, 0.322, 1.09, 0.237, 0.45, 0.061, 0.259, 2018),
('Benin', 136, 4.141, 0.378, 0.372, 0.24, 0.44, 0.067, 0.163, 2018),
('Sudan', 137, 4.139, 0.605, 1.24, 0.312, 0.016, 0.082, 0.134, 2018),
('Ukraine', 138, 4.103, 0.793, 1.413, 0.609, 0.163, 0.011, 0.187, 2018),
('Togo', 139, 3.999, 0.259, 0.474, 0.253, 0.434, 0.101, 0.158, 2018),
('Guinea', 140, 3.964, 0.344, 0.792, 0.211, 0.394, 0.094, 0.185, 2018),
('Lesotho', 141, 3.808, 0.472, 1.215, 0.079, 0.423, 0.112, 0.116, 2018),
('Angola', 142, 3.795, 0.73, 1.125, 0.269, 0, 0.061, 0.079, 2018),
('Madagascar', 143, 3.774, 0.262, 0.908, 0.402, 0.221, 0.049, 0.155, 2018),
('Zimbabwe', 144, 3.692, 0.357, 1.094, 0.248, 0.406, 0.099, 0.132, 2018);

INSERT INTO `happiness` (`Country`, `Happiness_Rank`, `Happiness_Score`, `Economy`, `Family`, `Health`, `Freedom`, `Trust`, `Generosity`, `Year`) VALUES
('Afghanistan', 145, 3.632, 0.332, 0.537, 0.255, 0.085, 0.036, 0.191, 2018),
('Botswana', 146, 3.59, 1.017, 1.174, 0.417, 0.557, 0.092, 0.042, 2018),
('Malawi', 147, 3.587, 0.186, 0.541, 0.306, 0.531, 0.08, 0.21, 2018),
('Haiti', 148, 3.582, 0.315, 0.714, 0.289, 0.025, 0.104, 0.392, 2018),
('Liberia', 149, 3.495, 0.076, 0.858, 0.267, 0.419, 0.03, 0.206, 2018),
('Syria', 150, 3.462, 0.689, 0.382, 0.539, 0.088, 0.144, 0.376, 2018),
('Rwanda', 151, 3.408, 0.332, 0.896, 0.4, 0.636, 0.444, 0.2, 2018),
('Yemen', 152, 3.355, 0.442, 1.073, 0.343, 0.244, 0.064, 0.083, 2018),
('Tanzania', 153, 3.303, 0.455, 0.991, 0.381, 0.481, 0.097, 0.27, 2018),
('South Sudan', 154, 3.254, 0.337, 0.608, 0.177, 0.112, 0.106, 0.224, 2018),
('Central African Republic', 155, 3.083, 0.024, 0, 0.01, 0.305, 0.038, 0.218, 2018),
('Burundi', 156, 2.905, 0.091, 0.627, 0.145, 0.065, 0.076, 0.149, 2018),
('Finland', 1, 7.769, 1.34, 1.587, 0.986, 0.596, 0.393, 0.153, 2019),
('Denmark', 2, 7.6, 1.383, 1.573, 0.996, 0.592, 0.41, 0.252, 2019),
('Norway', 3, 7.554, 1.488, 1.582, 1.028, 0.603, 0.341, 0.271, 2019),
('Iceland', 4, 7.494, 1.38, 1.624, 1.026, 0.591, 0.118, 0.354, 2019),
('Netherlands', 5, 7.488, 1.396, 1.522, 0.999, 0.557, 0.298, 0.322, 2019),
('Switzerland', 6, 7.48, 1.452, 1.526, 1.052, 0.572, 0.343, 0.263, 2019),
('Sweden', 7, 7.343, 1.387, 1.487, 1.009, 0.574, 0.373, 0.267, 2019),
('New Zealand', 8, 7.307, 1.303, 1.557, 1.026, 0.585, 0.38, 0.33, 2019),
('Canada', 9, 7.278, 1.365, 1.505, 1.039, 0.584, 0.308, 0.285, 2019),
('Austria', 10, 7.246, 1.376, 1.475, 1.016, 0.532, 0.226, 0.244, 2019),
('Australia', 11, 7.228, 1.372, 1.548, 1.036, 0.557, 0.29, 0.332, 2019),
('Costa Rica', 12, 7.167, 1.034, 1.441, 0.963, 0.558, 0.093, 0.144, 2019),
('Israel', 13, 7.139, 1.276, 1.455, 1.029, 0.371, 0.082, 0.261, 2019),
('Luxembourg', 14, 7.09, 1.609, 1.479, 1.012, 0.526, 0.316, 0.194, 2019),
('United Kingdom', 15, 7.054, 1.333, 1.538, 0.996, 0.45, 0.278, 0.348, 2019),
('Ireland', 16, 7.021, 1.499, 1.553, 0.999, 0.516, 0.31, 0.298, 2019),
('Germany', 17, 6.985, 1.373, 1.454, 0.987, 0.495, 0.265, 0.261, 2019),
('Belgium', 18, 6.923, 1.356, 1.504, 0.986, 0.473, 0.21, 0.16, 2019),
('United States', 19, 6.892, 1.433, 1.457, 0.874, 0.454, 0.128, 0.28, 2019),
('Czech Republic', 20, 6.852, 1.269, 1.487, 0.92, 0.457, 0.036, 0.046, 2019),
('United Arab Emirates', 21, 6.825, 1.503, 1.31, 0.825, 0.598, 0.182, 0.262, 2019),
('Malta', 22, 6.726, 1.3, 1.52, 0.999, 0.564, 0.151, 0.375, 2019),
('Mexico', 23, 6.595, 1.07, 1.323, 0.861, 0.433, 0.073, 0.074, 2019),
('France', 24, 6.592, 1.324, 1.472, 1.045, 0.436, 0.183, 0.111, 2019),
('Taiwan', 25, 6.446, 1.368, 1.43, 0.914, 0.351, 0.097, 0.242, 2019),
('Chile', 26, 6.444, 1.159, 1.369, 0.92, 0.357, 0.056, 0.187, 2019),
('Guatemala', 27, 6.436, 0.8, 1.269, 0.746, 0.535, 0.078, 0.175, 2019),
('Saudi Arabia', 28, 6.375, 1.403, 1.357, 0.795, 0.439, 0.132, 0.08, 2019),
('Qatar', 29, 6.374, 1.684, 1.313, 0.871, 0.555, 0.167, 0.22, 2019),
('Spain', 30, 6.354, 1.286, 1.484, 1.062, 0.362, 0.079, 0.153, 2019),
('Panama', 31, 6.321, 1.149, 1.442, 0.91, 0.516, 0.054, 0.109, 2019),
('Brazil', 32, 6.3, 1.004, 1.439, 0.802, 0.39, 0.086, 0.099, 2019),
('Uruguay', 33, 6.293, 1.124, 1.465, 0.891, 0.523, 0.15, 0.127, 2019),
('Singapore', 34, 6.262, 1.572, 1.463, 1.141, 0.556, 0.453, 0.271, 2019),
('El Salvador', 35, 6.253, 0.794, 1.242, 0.789, 0.43, 0.074, 0.093, 2019),
('Italy', 36, 6.223, 1.294, 1.488, 1.039, 0.231, 0.03, 0.158, 2019),
('Bahrain', 37, 6.199, 1.362, 1.368, 0.871, 0.536, 0.11, 0.255, 2019),
('Slovakia', 38, 6.198, 1.246, 1.504, 0.881, 0.334, 0.014, 0.121, 2019),
('Trinidad & Tobago', 39, 6.192, 1.231, 1.477, 0.713, 0.489, 0.016, 0.185, 2019),
('Poland', 40, 6.182, 1.206, 1.438, 0.884, 0.483, 0.05, 0.117, 2019),
('Uzbekistan', 41, 6.174, 0.745, 1.529, 0.756, 0.631, 0.24, 0.322, 2019),
('Lithuania', 42, 6.149, 1.238, 1.515, 0.818, 0.291, 0.042, 0.043, 2019),
('Colombia', 43, 6.125, 0.985, 1.41, 0.841, 0.47, 0.034, 0.099, 2019),
('Slovenia', 44, 6.118, 1.258, 1.523, 0.953, 0.564, 0.057, 0.144, 2019),
('Nicaragua', 45, 6.105, 0.694, 1.325, 0.835, 0.435, 0.127, 0.2, 2019),
('Kosovo', 46, 6.1, 0.882, 1.232, 0.758, 0.489, 0.006, 0.262, 2019),
('Argentina', 47, 6.086, 1.092, 1.432, 0.881, 0.471, 0.05, 0.066, 2019),
('Romania', 48, 6.07, 1.162, 1.232, 0.825, 0.462, 0.005, 0.083, 2019),
('Cyprus', 49, 6.046, 1.263, 1.223, 1.042, 0.406, 0.041, 0.19, 2019),
('Ecuador', 50, 6.028, 0.912, 1.312, 0.868, 0.498, 0.087, 0.126, 2019),
('Kuwait', 51, 6.021, 1.5, 1.319, 0.808, 0.493, 0.097, 0.142, 2019),
('Thailand', 52, 6.008, 1.05, 1.409, 0.828, 0.557, 0.028, 0.359, 2019),
('Latvia', 53, 5.94, 1.187, 1.465, 0.812, 0.264, 0.064, 0.075, 2019),
('South Korea', 54, 5.895, 1.301, 1.219, 1.036, 0.159, 0.056, 0.175, 2019),
('Estonia', 55, 5.893, 1.237, 1.528, 0.874, 0.495, 0.161, 0.103, 2019),
('Jamaica', 56, 5.89, 0.831, 1.478, 0.831, 0.49, 0.028, 0.107, 2019),
('Mauritius', 57, 5.888, 1.12, 1.402, 0.798, 0.498, 0.06, 0.215, 2019),
('Japan', 58, 5.886, 1.327, 1.419, 1.088, 0.445, 0.14, 0.069, 2019),
('Honduras', 59, 5.86, 0.642, 1.236, 0.828, 0.507, 0.078, 0.246, 2019),
('Kazakhstan', 60, 5.809, 1.173, 1.508, 0.729, 0.41, 0.096, 0.146, 2019),
('Bolivia', 61, 5.779, 0.776, 1.209, 0.706, 0.511, 0.064, 0.137, 2019),
('Hungary', 62, 5.758, 1.201, 1.41, 0.828, 0.199, 0.02, 0.081, 2019),
('Paraguay', 63, 5.743, 0.855, 1.475, 0.777, 0.514, 0.08, 0.184, 2019),
('Northern Cyprus', 64, 5.718, 1.263, 1.252, 1.042, 0.417, 0.162, 0.191, 2019),
('Peru', 65, 5.697, 0.96, 1.274, 0.854, 0.455, 0.027, 0.083, 2019),
('Portugal', 66, 5.693, 1.221, 1.431, 0.999, 0.508, 0.025, 0.047, 2019),
('Pakistan', 67, 5.653, 0.677, 0.886, 0.535, 0.313, 0.098, 0.22, 2019),
('Russia', 68, 5.648, 1.183, 1.452, 0.726, 0.334, 0.031, 0.082, 2019),
('Philippines', 69, 5.631, 0.807, 1.293, 0.657, 0.558, 0.107, 0.117, 2019),
('Serbia', 70, 5.603, 1.004, 1.383, 0.854, 0.282, 0.039, 0.137, 2019),
('Moldova', 71, 5.529, 0.685, 1.328, 0.739, 0.245, 0, 0.181, 2019),
('Libya', 72, 5.525, 1.044, 1.303, 0.673, 0.416, 0.152, 0.133, 2019),
('Montenegro', 73, 5.523, 1.051, 1.361, 0.871, 0.197, 0.08, 0.142, 2019),
('Tajikistan', 74, 5.467, 0.493, 1.098, 0.718, 0.389, 0.144, 0.23, 2019),
('Croatia', 75, 5.432, 1.155, 1.266, 0.914, 0.296, 0.022, 0.119, 2019),
('Hong Kong', 76, 5.43, 1.438, 1.277, 1.122, 0.44, 0.287, 0.258, 2019),
('Dominican Republic', 77, 5.425, 1.015, 1.401, 0.779, 0.497, 0.101, 0.113, 2019),
('Bosnia and Herzegovina', 78, 5.386, 0.945, 1.212, 0.845, 0.212, 0.006, 0.263, 2019),
('Turkey', 79, 5.373, 1.183, 1.36, 0.808, 0.195, 0.106, 0.083, 2019),
('Malaysia', 80, 5.339, 1.221, 1.171, 0.828, 0.508, 0.024, 0.26, 2019),
('Belarus', 81, 5.323, 1.067, 1.465, 0.789, 0.235, 0.142, 0.094, 2019),
('Greece', 82, 5.287, 1.181, 1.156, 0.999, 0.067, 0.034, 0, 2019),
('Mongolia', 83, 5.285, 0.948, 1.531, 0.667, 0.317, 0.038, 0.235, 2019),
('North Macedonia', 84, 5.274, 0.983, 1.294, 0.838, 0.345, 0.034, 0.185, 2019),
('Nigeria', 85, 5.265, 0.696, 1.111, 0.245, 0.426, 0.041, 0.215, 2019),
('Kyrgyzstan', 86, 5.261, 0.551, 1.438, 0.723, 0.508, 0.023, 0.3, 2019),
('Turkmenistan', 87, 5.247, 1.052, 1.538, 0.657, 0.394, 0.028, 0.244, 2019),
('Algeria', 88, 5.211, 1.002, 1.16, 0.785, 0.086, 0.114, 0.073, 2019),
('Morocco', 89, 5.208, 0.801, 0.782, 0.782, 0.418, 0.076, 0.036, 2019),
('Azerbaijan', 90, 5.208, 1.043, 1.147, 0.769, 0.351, 0.182, 0.035, 2019),
('Lebanon', 91, 5.197, 0.987, 1.224, 0.815, 0.216, 0.027, 0.166, 2019),
('Indonesia', 92, 5.192, 0.931, 1.203, 0.66, 0.491, 0.028, 0.498, 2019),
('China', 93, 5.191, 1.029, 1.125, 0.893, 0.521, 0.1, 0.058, 2019),
('Vietnam', 94, 5.175, 0.741, 1.346, 0.851, 0.543, 0.073, 0.147, 2019),
('Bhutan', 95, 5.082, 0.813, 1.321, 0.604, 0.457, 0.167, 0.37, 2019),
('Cameroon', 96, 5.044, 0.549, 0.91, 0.331, 0.381, 0.037, 0.187, 2019),
('Bulgaria', 97, 5.011, 1.092, 1.513, 0.815, 0.311, 0.004, 0.081, 2019),
('Ghana', 98, 4.996, 0.611, 0.868, 0.486, 0.381, 0.04, 0.245, 2019),
('Ivory Coast', 99, 4.944, 0.569, 0.808, 0.232, 0.352, 0.09, 0.154, 2019),
('Nepal', 100, 4.913, 0.446, 1.226, 0.677, 0.439, 0.089, 0.285, 2019),
('Jordan', 101, 4.906, 0.837, 1.225, 0.815, 0.383, 0.13, 0.11, 2019),
('Benin', 102, 4.883, 0.393, 0.437, 0.397, 0.349, 0.082, 0.175, 2019),
('Congo (Brazzaville)', 103, 4.812, 0.673, 0.799, 0.508, 0.372, 0.093, 0.105, 2019),
('Gabon', 104, 4.799, 1.057, 1.183, 0.571, 0.295, 0.055, 0.043, 2019),
('Laos', 105, 4.796, 0.764, 1.03, 0.551, 0.547, 0.164, 0.266, 2019),
('South Africa', 106, 4.722, 0.96, 1.351, 0.469, 0.389, 0.055, 0.13, 2019),
('Albania', 107, 4.719, 0.947, 0.848, 0.874, 0.383, 0.027, 0.178, 2019),
('Venezuela', 108, 4.707, 0.96, 1.427, 0.805, 0.154, 0.047, 0.064, 2019),
('Cambodia', 109, 4.7, 0.574, 1.122, 0.637, 0.609, 0.062, 0.232, 2019),
('Palestinian Territories', 110, 4.696, 0.657, 1.247, 0.672, 0.225, 0.066, 0.103, 2019),
('Senegal', 111, 4.681, 0.45, 1.134, 0.571, 0.292, 0.072, 0.153, 2019),
('Somalia', 112, 4.668, 0, 0.698, 0.268, 0.559, 0.27, 0.243, 2019),
('Namibia', 113, 4.639, 0.879, 1.313, 0.477, 0.401, 0.056, 0.07, 2019),
('Niger', 114, 4.628, 0.138, 0.774, 0.366, 0.318, 0.102, 0.188, 2019),
('Burkina Faso', 115, 4.587, 0.331, 1.056, 0.38, 0.255, 0.113, 0.177, 2019),
('Armenia', 116, 4.559, 0.85, 1.055, 0.815, 0.283, 0.064, 0.095, 2019),
('Iran', 117, 4.548, 1.1, 0.842, 0.785, 0.305, 0.125, 0.27, 2019),
('Guinea', 118, 4.534, 0.38, 0.829, 0.375, 0.332, 0.086, 0.207, 2019),
('Georgia', 119, 4.519, 0.886, 0.666, 0.752, 0.346, 0.164, 0.043, 2019),
('Gambia', 120, 4.516, 0.308, 0.939, 0.428, 0.382, 0.167, 0.269, 2019),
('Kenya', 121, 4.509, 0.512, 0.983, 0.581, 0.431, 0.053, 0.372, 2019),
('Mauritania', 122, 4.49, 0.57, 1.167, 0.489, 0.066, 0.088, 0.106, 2019),
('Mozambique', 123, 4.466, 0.204, 0.986, 0.39, 0.494, 0.138, 0.197, 2019),
('Tunisia', 124, 4.461, 0.921, 1, 0.815, 0.167, 0.055, 0.059, 2019),
('Bangladesh', 125, 4.456, 0.562, 0.928, 0.723, 0.527, 0.143, 0.166, 2019),
('Iraq', 126, 4.437, 1.043, 0.98, 0.574, 0.241, 0.089, 0.148, 2019),
('Congo (Kinshasa)', 127, 4.418, 0.094, 1.125, 0.357, 0.269, 0.053, 0.212, 2019),
('Mali', 128, 4.39, 0.385, 1.105, 0.308, 0.327, 0.052, 0.153, 2019),
('Sierra Leone', 129, 4.374, 0.268, 0.841, 0.242, 0.309, 0.045, 0.252, 2019),
('Sri Lanka', 130, 4.366, 0.949, 1.265, 0.831, 0.47, 0.047, 0.244, 2019),
('Myanmar', 131, 4.36, 0.71, 1.181, 0.555, 0.525, 0.172, 0.566, 2019),
('Chad', 132, 4.35, 0.35, 0.766, 0.192, 0.174, 0.078, 0.198, 2019),
('Ukraine', 133, 4.332, 0.82, 1.39, 0.739, 0.178, 0.01, 0.187, 2019),
('Ethiopia', 134, 4.286, 0.336, 1.033, 0.532, 0.344, 0.1, 0.209, 2019),
('Swaziland', 135, 4.212, 0.811, 1.149, 0, 0.313, 0.135, 0.074, 2019),
('Uganda', 136, 4.189, 0.332, 1.069, 0.443, 0.356, 0.06, 0.252, 2019),
('Egypt', 137, 4.166, 0.913, 1.039, 0.644, 0.241, 0.067, 0.076, 2019),
('Zambia', 138, 4.107, 0.578, 1.058, 0.426, 0.431, 0.087, 0.247, 2019),
('Togo', 139, 4.085, 0.275, 0.572, 0.41, 0.293, 0.085, 0.177, 2019),
('India', 140, 4.015, 0.755, 0.765, 0.588, 0.498, 0.085, 0.2, 2019),
('Liberia', 141, 3.975, 0.073, 0.922, 0.443, 0.37, 0.033, 0.233, 2019),
('Comoros', 142, 3.973, 0.274, 0.757, 0.505, 0.142, 0.078, 0.275, 2019),
('Madagascar', 143, 3.933, 0.274, 0.916, 0.555, 0.148, 0.041, 0.169, 2019),
('Lesotho', 144, 3.802, 0.489, 1.169, 0.168, 0.359, 0.093, 0.107, 2019),
('Burundi', 145, 3.775, 0.046, 0.447, 0.38, 0.22, 0.18, 0.176, 2019),
('Zimbabwe', 146, 3.663, 0.366, 1.114, 0.433, 0.361, 0.089, 0.151, 2019),
('Haiti', 147, 3.597, 0.323, 0.688, 0.449, 0.026, 0.11, 0.419, 2019),
('Botswana', 148, 3.488, 1.041, 1.145, 0.538, 0.455, 0.1, 0.025, 2019),
('Syria', 149, 3.462, 0.619, 0.378, 0.44, 0.013, 0.141, 0.331, 2019),
('Malawi', 150, 3.41, 0.191, 0.56, 0.495, 0.443, 0.089, 0.218, 2019),
('Yemen', 151, 3.38, 0.287, 1.163, 0.463, 0.143, 0.077, 0.108, 2019),
('Rwanda', 152, 3.334, 0.359, 0.711, 0.614, 0.555, 0.411, 0.217, 2019),
('Tanzania', 153, 3.231, 0.476, 0.885, 0.499, 0.417, 0.147, 0.276, 2019),
('Afghanistan', 154, 3.203, 0.35, 0.517, 0.361, 0, 0.025, 0.158, 2019),
('Central African Republic', 155, 3.083, 0.026, 0, 0.105, 0.225, 0.035, 0.235, 2019),
('South Sudan', 156, 2.853, 0.306, 0.575, 0.295, 0.01, 0.091, 0.202, 2019);

-- --------------------------------------------------------

--
-- Table structure for table `population`
--

CREATE TABLE `population` (
  `Country` varchar(33) DEFAULT NULL,
  `Region` varchar(35) DEFAULT NULL,
  `Population` int(11) DEFAULT NULL,
  `Area_sq_mi` float DEFAULT NULL,
  `Pop_Density_per_sq_mi` float DEFAULT NULL,
  `Coastline_coast_area_ratio` float DEFAULT NULL,
  `Net_migration` float DEFAULT NULL,
  `Infant_mortality_per_1000_births` float DEFAULT NULL,
  `GDP_per_capita` int(22) DEFAULT NULL,
  `Literacy` float DEFAULT NULL,
  `Phones_per_1000` float DEFAULT NULL,
  `Arable` float DEFAULT NULL,
  `Crops` float DEFAULT NULL,
  `Other` float DEFAULT NULL,
  `Climate` float DEFAULT NULL,
  `Birthrate` float DEFAULT NULL,
  `Deathrate` float DEFAULT NULL,
  `Agriculture` float DEFAULT NULL,
  `Industry` float DEFAULT NULL,
  `Service` float DEFAULT NULL
) ENGINE=InnoDB DEFAULT CHARSET=utf8;

--
-- Dumping data for table `population`
--

INSERT INTO `population` (`Country`, `Region`, `Population`, `Area_sq_mi`, `Pop_Density_per_sq_mi`, `Coastline_coast_area_ratio`, `Net_migration`, `Infant_mortality_per_1000_births`, `GDP_per_capita`, `Literacy`, `Phones_per_1000`, `Arable`, `Crops`, `Other`, `Climate`, `Birthrate`, `Deathrate`, `Agriculture`, `Industry`, `Service`) VALUES
('Afghanistan ', 'ASIA (EX. NEAR EAST)         ', 31056997, 647500, 48, 0, 23, 163, 700, 36, 3, 12, 0, 87, 1, 46, 20, 0, 0, 0),
('Albania ', 'EASTERN EUROPE                     ', 3581655, 28748, 124, 1, -4, 21, 4500, 86, 71, 21, 4, 74, 3, 15, 5, 0, 0, 0),
('Algeria ', 'NORTHERN AFRICA                    ', 32930091, 2381740, 13, 0, -0, 31, 6000, 70, 78, 3, 0, 96, 1, 17, 4, 0, 0, 0),
('American Samoa ', 'OCEANIA                            ', 57794, 199, 290, 58, -20, 9, 8000, 97, 259, 10, 15, 75, 2, 22, 3, 0, 0, 0),
('Andorra ', 'WESTERN EUROPE                     ', 71201, 468, 152, 0, 6, 4, 19000, 100, 497, 2, 0, 97, 3, 8, 6, 0, 0, 0),
('Angola ', 'SUB-SAHARAN AFRICA                 ', 12127071, 1246700, 9, 0, 0, 191, 1900, 42, 7, 2, 0, 97, 0, 45, 24, 0, 0, 0),
('Anguilla ', 'LATIN AMER. & CARIB    ', 13477, 102, 132, 59, 10, 21, 8600, 95, 460, 0, 0, 100, 2, 14, 5, 0, 0, 0),
('Antigua & Barbuda ', 'LATIN AMER. & CARIB    ', 69108, 443, 156, 34, -6, 19, 11000, 89, 549, 18, 4, 77, 2, 16, 5, 0, 0, 0),
('Argentina ', 'LATIN AMER. & CARIB    ', 39921833, 2766890, 14, 0, 0, 15, 11200, 97, 220, 12, 0, 87, 3, 16, 7, 0, 0, 0),
('Armenia ', 'C.W. OF IND. STATES ', 2976372, 29800, 99, 0, -6, 23, 3500, 98, 195, 17, 2, 80, 4, 12, 8, 0, 0, 0),
('Aruba ', 'LATIN AMER. & CARIB    ', 71891, 193, 372, 35, 0, 5, 28000, 97, 516, 10, 0, 89, 2, 11, 6, 0, 0, 0),
('Australia ', 'OCEANIA                            ', 20264082, 7686850, 2, 0, 3, 4, 29000, 100, 565, 6, 0, 93, 1, 12, 7, 0, 0, 0),
('Austria ', 'WESTERN EUROPE                     ', 8192880, 83870, 97, 0, 2, 4, 30000, 98, 452, 16, 0, 82, 3, 8, 9, 0, 0, 0),
('Azerbaijan ', 'C.W. OF IND. STATES ', 7961619, 86600, 91, 0, -4, 81, 3400, 97, 137, 19, 2, 77, 1, 20, 9, 0, 0, 0),
('Bahamas, The ', 'LATIN AMER. & CARIB    ', 303770, 13940, 21, 25, -2, 25, 16700, 95, 460, 0, 0, 98, 2, 17, 9, 0, 0, 0),
('Bahrain ', 'NEAR EAST                          ', 698585, 665, 1050, 24, 1, 17, 16900, 89, 281, 2, 5, 91, 1, 17, 4, 0, 0, 0),
('Bangladesh ', 'ASIA (EX. NEAR EAST)         ', 147365352, 144000, 1023, 0, -0, 62, 1900, 43, 7, 62, 3, 34, 2, 29, 8, 0, 0, 0),
('Barbados ', 'LATIN AMER. & CARIB    ', 279912, 431, 649, 22, -0, 12, 15700, 97, 481, 37, 2, 60, 2, 12, 8, 0, 0, 0),
('Belarus ', 'C.W. OF IND. STATES ', 10293011, 207600, 49, 0, 2, 13, 6100, 99, 319, 29, 0, 69, 4, 11, 14, 0, 0, 0),
('Belgium ', 'WESTERN EUROPE                     ', 10379067, 30528, 340, 0, 1, 4, 29100, 98, 462, 23, 0, 76, 3, 10, 10, 0, 0, 0),
('Belize ', 'LATIN AMER. & CARIB    ', 287730, 22966, 12, 1, 0, 25, 4900, 94, 115, 2, 1, 95, 2, 28, 5, 0, 0, 0),
('Benin ', 'SUB-SAHARAN AFRICA                 ', 7862944, 112620, 69, 0, 0, 85, 1100, 40, 9, 18, 2, 79, 2, 38, 12, 0, 0, 0),
('Bermuda ', 'NORTHERN AMERICA                   ', 65773, 53, 1241, 194, 2, 8, 36000, 98, 851, 20, 0, 80, 2, 11, 7, 0, 0, 0),
('Bhutan ', 'ASIA (EX. NEAR EAST)         ', 2279723, 47000, 48, 0, 0, 100, 1300, 42, 14, 3, 0, 96, 2, 33, 12, 0, 0, 0),
('Bolivia ', 'LATIN AMER. & CARIB    ', 8989046, 1098580, 8, 0, -1, 53, 2400, 87, 71, 2, 0, 97, 1, 23, 7, 0, 0, 0),
('Bosnia & Herzegovina ', 'EASTERN EUROPE                     ', 4498976, 51129, 88, 0, 0, 21, 6100, 0, 215, 13, 2, 83, 4, 8, 8, 0, 0, 0),
('Botswana ', 'SUB-SAHARAN AFRICA                 ', 1639833, 600370, 2, 0, 0, 54, 9000, 79, 80, 0, 0, 99, 1, 23, 29, 0, 0, 0),
('Brazil ', 'LATIN AMER. & CARIB    ', 188078227, 8511960, 22, 0, -0, 29, 7600, 86, 225, 6, 0, 92, 2, 16, 6, 0, 0, 0),
('British Virgin Is. ', 'LATIN AMER. & CARIB    ', 23098, 153, 151, 52, 10, 18, 16000, 97, 506, 20, 6, 73, 2, 14, 4, 0, 0, 0),
('Brunei ', 'ASIA (EX. NEAR EAST)         ', 379444, 5770, 65, 2, 3, 12, 18600, 93, 237, 0, 0, 98, 2, 18, 3, 0, 0, 0),
('Bulgaria ', 'EASTERN EUROPE                     ', 7385367, 110910, 66, 0, -4, 20, 7600, 98, 336, 40, 1, 58, 3, 9, 14, 0, 0, 0),
('Burkina Faso ', 'SUB-SAHARAN AFRICA                 ', 13902972, 274200, 50, 0, 0, 97, 1100, 26, 7, 14, 0, 85, 2, 45, 15, 0, 0, 0),
('Burma ', 'ASIA (EX. NEAR EAST)         ', 47382633, 678500, 69, 0, -1, 67, 1800, 85, 10, 15, 0, 83, 2, 17, 9, 0, 0, 0),
('Burundi ', 'SUB-SAHARAN AFRICA                 ', 8090068, 27830, 290, 0, -0, 69, 600, 51, 3, 35, 14, 50, 2, 42, 13, 0, 0, 0),
('Cambodia ', 'ASIA (EX. NEAR EAST)         ', 13881427, 181040, 76, 0, 0, 71, 1900, 69, 2, 20, 0, 78, 2, 26, 9, 0, 0, 0),
('Cameroon ', 'SUB-SAHARAN AFRICA                 ', 17340702, 475440, 36, 0, 0, 68, 1800, 79, 5, 12, 2, 84, 1, 33, 13, 0, 0, 0),
('Canada ', 'NORTHERN AMERICA                   ', 33098932, 9984670, 3, 2, 5, 4, 29800, 97, 552, 4, 0, 95, 0, 10, 7, 0, 0, 0),
('Cape Verde ', 'SUB-SAHARAN AFRICA                 ', 420979, 4033, 104, 23, -12, 47, 1400, 76, 169, 9, 0, 89, 3, 24, 6, 0, 0, 0),
('Cayman Islands ', 'LATIN AMER. & CARIB    ', 45436, 262, 173, 61, 18, 8, 35000, 98, 836, 3, 0, 96, 2, 12, 4, 0, 0, 0),
('Central African Rep. ', 'SUB-SAHARAN AFRICA                 ', 4303356, 622984, 6, 0, 0, 91, 1100, 51, 2, 3, 0, 96, 2, 33, 18, 0, 0, 0),
('Chad ', 'SUB-SAHARAN AFRICA                 ', 9944201, 1284000, 7, 0, -0, 93, 1200, 47, 1, 2, 0, 97, 2, 45, 16, 0, 0, 0),
('Chile ', 'LATIN AMER. & CARIB    ', 16134219, 756950, 21, 0, 0, 8, 9900, 96, 213, 2, 0, 96, 3, 15, 5, 0, 0, 0),
('China ', 'ASIA (EX. NEAR EAST)         ', 1313973713, 9596960, 136, 0, -0, 24, 5000, 90, 266, 15, 1, 83, 1, 13, 6, 0, 0, 0),
('Colombia ', 'LATIN AMER. & CARIB    ', 43593035, 1138910, 38, 0, -0, 20, 6300, 92, 176, 2, 1, 95, 2, 20, 5, 0, 0, 0),
('Comoros ', 'SUB-SAHARAN AFRICA                 ', 690948, 2170, 318, 15, 0, 74, 700, 56, 24, 35, 23, 40, 2, 36, 8, 0, 0, 0),
('Congo, Dem. Rep. ', 'SUB-SAHARAN AFRICA                 ', 62660551, 2345410, 26, 0, 0, 94, 700, 65, 0, 2, 0, 96, 2, 43, 13, 0, 0, 0),
('Congo, Repub. of the ', 'SUB-SAHARAN AFRICA                 ', 3702314, 342000, 10, 0, -0, 93, 700, 83, 3, 0, 0, 99, 2, 42, 12, 0, 0, 0),
('Cook Islands ', 'OCEANIA                            ', 21388, 240, 89, 50, 0, 0, 5000, 95, 289, 17, 13, 69, 2, 21, 0, 0, 0, 0),
('Costa Rica ', 'LATIN AMER. & CARIB    ', 4075261, 51100, 79, 2, 0, 9, 9100, 96, 340, 4, 5, 89, 2, 18, 4, 0, 0, 0),
('Cote d Ivoire ', 'SUB-SAHARAN AFRICA                 ', 17654843, 322460, 54, 0, -0, 90, 1400, 50, 14, 9, 13, 76, 2, 35, 14, 0, 0, 0),
('Croatia ', 'EASTERN EUROPE                     ', 4494749, 56542, 79, 10, 1, 6, 10600, 98, 420, 26, 2, 71, 0, 9, 11, 0, 0, 0),
('Cuba ', 'LATIN AMER. & CARIB    ', 11382820, 110860, 102, 3, -1, 6, 2900, 97, 74, 33, 7, 59, 2, 11, 7, 0, 0, 0),
('Cyprus ', 'NEAR EAST                          ', 784301, 9250, 84, 7, 0, 7, 19200, 97, 0, 7, 4, 87, 3, 12, 7, 0, 0, 0),
('Czech Republic ', 'EASTERN EUROPE                     ', 10235455, 78866, 129, 0, 0, 3, 15700, 99, 314, 39, 3, 57, 3, 9, 10, 0, 0, 0),
('Denmark ', 'WESTERN EUROPE                     ', 5450661, 43094, 126, 16, 2, 4, 31100, 100, 614, 54, 0, 45, 3, 11, 10, 0, 0, 0),
('Djibouti ', 'SUB-SAHARAN AFRICA                 ', 486530, 23000, 21, 1, 0, 104, 1300, 67, 22, 0, 0, 99, 1, 39, 19, 0, 0, 0),
('Dominica ', 'LATIN AMER. & CARIB    ', 68910, 754, 91, 19, -13, 14, 5400, 94, 304, 6, 20, 73, 2, 15, 6, 0, 0, 0),
('Dominican Republic ', 'LATIN AMER. & CARIB    ', 9183984, 48730, 188, 2, -3, 32, 6000, 84, 97, 22, 10, 67, 2, 23, 5, 0, 0, 0),
('East Timor ', 'ASIA (EX. NEAR EAST)         ', 1062777, 15007, 70, 4, 0, 47, 500, 58, 0, 4, 0, 94, 2, 26, 6, 0, 0, 0),
('Ecuador ', 'LATIN AMER. & CARIB    ', 13547510, 283560, 47, 0, -8, 23, 3300, 92, 125, 5, 4, 89, 2, 22, 4, 0, 0, 0),
('Egypt ', 'NORTHERN AFRICA                    ', 78887007, 1001450, 78, 0, -0, 32, 4000, 57, 131, 2, 0, 96, 1, 22, 5, 0, 0, 0),
('El Salvador ', 'LATIN AMER. & CARIB    ', 6822378, 21040, 324, 1, -3, 25, 4800, 80, 142, 31, 12, 56, 2, 26, 5, 0, 0, 0),
('Equatorial Guinea ', 'SUB-SAHARAN AFRICA                 ', 540109, 28051, 19, 1, 0, 85, 2700, 85, 18, 4, 3, 91, 2, 35, 15, 0, 0, 0),
('Eritrea ', 'SUB-SAHARAN AFRICA                 ', 4786994, 121320, 39, 1, 0, 74, 700, 58, 7, 4, 0, 95, 1, 34, 9, 0, 0, 0),
('Estonia ', 'BALTICS                            ', 1324333, 45226, 29, 8, -3, 7, 12300, 99, 333, 16, 0, 83, 3, 10, 13, 0, 0, 0),
('Ethiopia ', 'SUB-SAHARAN AFRICA                 ', 74777981, 1127130, 66, 0, 0, 95, 700, 42, 8, 10, 0, 88, 2, 37, 14, 0, 0, 0),
('Faroe Islands ', 'WESTERN EUROPE                     ', 47246, 1399, 33, 79, 1, 6, 22000, 0, 503, 2, 0, 97, 0, 14, 8, 0, 0, 0),
('Fiji ', 'OCEANIA                            ', 905949, 18270, 49, 6, -3, 12, 5800, 93, 112, 10, 4, 84, 2, 22, 5, 0, 0, 0),
('Finland ', 'WESTERN EUROPE                     ', 5231372, 338145, 15, 0, 0, 3, 27400, 100, 405, 7, 0, 92, 3, 10, 9, 0, 0, 0),
('France ', 'WESTERN EUROPE                     ', 60876136, 547030, 111, 0, 0, 4, 27600, 99, 586, 33, 2, 64, 4, 11, 9, 0, 0, 0),
('French Guiana ', 'LATIN AMER. & CARIB    ', 199509, 91000, 2, 0, 6, 12, 8300, 83, 255, 0, 0, 99, 2, 20, 4, 0, 0, 0),
('French Polynesia ', 'OCEANIA                            ', 274578, 4167, 65, 60, 2, 8, 17500, 98, 194, 0, 5, 93, 2, 16, 4, 0, 0, 0),
('Gabon ', 'SUB-SAHARAN AFRICA                 ', 1424906, 267667, 5, 0, 0, 53, 5500, 63, 27, 1, 0, 98, 2, 36, 12, 0, 0, 0),
('Gambia, The ', 'SUB-SAHARAN AFRICA                 ', 1641564, 11300, 145, 0, 1, 72, 1700, 40, 26, 25, 0, 74, 2, 39, 12, 0, 0, 0),
('Gaza Strip ', 'NEAR EAST                          ', 1428757, 360, 3968, 11, 1, 22, 600, 0, 244, 28, 21, 50, 3, 39, 3, 0, 0, 0),
('Georgia ', 'C.W. OF IND. STATES ', 4661473, 69700, 66, 0, -4, 18, 2500, 99, 146, 11, 3, 84, 3, 10, 9, 0, 0, 0),
('Germany ', 'WESTERN EUROPE                     ', 82422299, 357021, 230, 0, 2, 4, 27600, 99, 667, 33, 0, 65, 3, 8, 10, 0, 0, 0),
('Ghana ', 'SUB-SAHARAN AFRICA                 ', 22409572, 239460, 93, 0, -0, 51, 2200, 74, 14, 16, 9, 74, 2, 30, 9, 0, 0, 0),
('Gibraltar ', 'WESTERN EUROPE                     ', 27928, 7, 3989, 171, 0, 5, 17500, 0, 877, 0, 0, 100, 0, 10, 9, 0, 0, 0),
('Greece ', 'WESTERN EUROPE                     ', 10688058, 131940, 81, 10, 2, 5, 20000, 97, 589, 21, 8, 70, 3, 9, 10, 0, 0, 0),
('Greenland ', 'NORTHERN AMERICA                   ', 56361, 2166090, 0, 2, -8, 15, 20000, 0, 448, 0, 0, 100, 1, 15, 7, 0, 0, 0),
('Grenada ', 'LATIN AMER. & CARIB    ', 89703, 344, 260, 35, -13, 14, 5000, 98, 364, 5, 29, 64, 2, 22, 6, 0, 0, 0),
('Guadeloupe ', 'LATIN AMER. & CARIB    ', 452776, 1780, 254, 17, -0, 8, 8000, 90, 463, 11, 3, 85, 2, 15, 6, 0, 0, 0),
('Guam ', 'OCEANIA                            ', 171019, 541, 316, 23, 0, 6, 21000, 99, 492, 9, 16, 74, 2, 18, 4, 0, 0, 0),
('Guatemala ', 'LATIN AMER. & CARIB    ', 12293545, 108890, 112, 0, -1, 35, 4100, 70, 92, 12, 5, 82, 2, 29, 5, 0, 0, 0),
('Guernsey ', 'WESTERN EUROPE                     ', 65409, 78, 838, 64, 3, 4, 20000, 0, 842, 0, 0, 0, 3, 8, 10, 0, 0, 0),
('Guinea ', 'SUB-SAHARAN AFRICA                 ', 9690222, 245857, 39, 0, -3, 90, 2100, 35, 2, 3, 2, 93, 2, 41, 15, 0, 0, 0),
('Guinea-Bissau ', 'SUB-SAHARAN AFRICA                 ', 1442029, 36120, 39, 0, -1, 107, 800, 42, 7, 10, 8, 80, 2, 37, 16, 0, 0, 0),
('Guyana ', 'LATIN AMER. & CARIB    ', 767245, 214970, 3, 0, -2, 33, 4000, 98, 143, 2, 0, 97, 2, 18, 8, 0, 0, 0),
('Haiti ', 'LATIN AMER. & CARIB    ', 8308504, 27750, 299, 6, -3, 73, 1600, 52, 16, 28, 11, 60, 2, 36, 12, 0, 0, 0),
('Honduras ', 'LATIN AMER. & CARIB    ', 7326496, 112090, 65, 0, -1, 29, 2600, 76, 67, 9, 3, 87, 2, 28, 5, 0, 0, 0),
('Hong Kong ', 'ASIA (EX. NEAR EAST)         ', 6940432, 1092, 6355, 67, 5, 2, 28800, 93, 546, 5, 1, 93, 2, 7, 6, 0, 0, 0),
('Hungary ', 'EASTERN EUROPE                     ', 9981334, 93030, 107, 0, 0, 8, 13900, 99, 336, 50, 2, 47, 3, 9, 13, 0, 0, 0),
('Iceland ', 'WESTERN EUROPE                     ', 299388, 103000, 2, 4, 2, 3, 30900, 99, 647, 0, 0, 99, 3, 13, 6, 0, 0, 0),
('India ', 'ASIA (EX. NEAR EAST)         ', 1095351995, 3287590, 333, 0, -0, 56, 2900, 59, 45, 54, 2, 42, 2, 22, 8, 0, 0, 0),
('Indonesia ', 'ASIA (EX. NEAR EAST)         ', 245452739, 1919440, 127, 2, 0, 35, 3200, 87, 52, 11, 7, 81, 2, 20, 6, 0, 0, 0),
('Iran ', 'ASIA (EX. NEAR EAST)         ', 68688433, 1648000, 41, 0, -0, 41, 7000, 79, 276, 8, 1, 89, 1, 17, 5, 0, 0, 0),
('Iraq ', 'NEAR EAST                          ', 26783383, 437072, 61, 0, 0, 50, 1500, 40, 38, 13, 0, 86, 1, 31, 5, 0, 0, 0),
('Ireland ', 'WESTERN EUROPE                     ', 4062235, 70280, 57, 2, 4, 5, 29600, 98, 500, 15, 0, 84, 3, 14, 7, 0, 0, 0),
('Isle of Man ', 'WESTERN EUROPE                     ', 75441, 572, 131, 27, 5, 5, 21000, 0, 676, 9, 0, 91, 3, 11, 11, 0, 0, 0),
('Israel ', 'NEAR EAST                          ', 6352117, 20770, 305, 1, 0, 7, 19800, 95, 462, 16, 4, 79, 3, 17, 6, 0, 0, 0),
('Italy ', 'WESTERN EUROPE                     ', 58133509, 301230, 193, 2, 2, 5, 26700, 98, 430, 27, 9, 62, 0, 8, 10, 0, 0, 0),
('Jamaica ', 'LATIN AMER. & CARIB    ', 2758124, 10991, 250, 9, -4, 12, 3900, 87, 124, 16, 10, 73, 2, 20, 6, 0, 0, 0),
('Japan ', 'ASIA (EX. NEAR EAST)         ', 127463611, 377835, 337, 7, 0, 3, 28200, 99, 461, 12, 0, 86, 3, 9, 9, 0, 0, 0),
('Jersey ', 'WESTERN EUROPE                     ', 91084, 116, 785, 60, 2, 5, 24800, 0, 811, 0, 0, 100, 3, 9, 9, 0, 0, 0),
('Jordan ', 'NEAR EAST                          ', 5906760, 92300, 64, 0, 6, 17, 4300, 91, 104, 2, 1, 95, 1, 21, 2, 0, 0, 0),
('Kazakhstan ', 'C.W. OF IND. STATES ', 15233244, 2717300, 5, 0, -3, 29, 6300, 98, 164, 7, 0, 91, 4, 16, 9, 0, 0, 0),
('Kenya ', 'SUB-SAHARAN AFRICA                 ', 34707817, 582650, 59, 0, -0, 61, 1000, 85, 8, 8, 0, 90, 1, 39, 14, 0, 0, 0),
('Kiribati ', 'OCEANIA                            ', 105432, 811, 130, 140, 0, 48, 800, 0, 42, 2, 50, 46, 2, 30, 8, 0, 0, 0),
('Korea, North ', 'ASIA (EX. NEAR EAST)         ', 23113019, 120540, 191, 2, 0, 24, 1300, 99, 42, 20, 2, 76, 3, 15, 7, 0, 0, 0),
('Korea, South ', 'ASIA (EX. NEAR EAST)         ', 48846823, 98480, 496, 2, 0, 7, 17800, 97, 486, 17, 1, 80, 3, 10, 5, 0, 0, 0),
('Kuwait ', 'NEAR EAST                          ', 2418393, 17820, 135, 2, 14, 9, 19000, 83, 211, 0, 0, 99, 1, 21, 2, 0, 0, 0),
('Kyrgyzstan ', 'C.W. OF IND. STATES ', 5213898, 198500, 26, 0, -2, 35, 1600, 97, 84, 7, 0, 92, 2, 22, 7, 0, 0, 0),
('Laos ', 'ASIA (EX. NEAR EAST)         ', 6368481, 236800, 26, 0, 0, 85, 1700, 66, 14, 3, 0, 95, 2, 35, 11, 0, 0, 0),
('Latvia ', 'BALTICS                            ', 2274735, 64589, 35, 0, -2, 9, 10200, 99, 321, 29, 0, 69, 3, 9, 13, 0, 0, 0),
('Lebanon ', 'NEAR EAST                          ', 3874050, 10400, 372, 2, 0, 24, 4800, 87, 255, 16, 13, 69, 0, 18, 6, 0, 0, 0),
('Lesotho ', 'SUB-SAHARAN AFRICA                 ', 2022331, 30355, 66, 0, -0, 84, 3000, 84, 23, 10, 0, 89, 3, 24, 28, 0, 0, 0),
('Liberia ', 'SUB-SAHARAN AFRICA                 ', 3042004, 111370, 27, 0, 0, 128, 1000, 57, 2, 3, 2, 93, 2, 44, 23, 0, 0, 0),
('Libya ', 'NORTHERN AFRICA                    ', 5900754, 1759540, 3, 0, 0, 24, 6400, 82, 127, 1, 0, 98, 0, 26, 3, 0, 0, 0),
('Liechtenstein ', 'WESTERN EUROPE                     ', 33987, 160, 212, 0, 4, 4, 25000, 100, 585, 25, 0, 75, 4, 10, 7, 0, 0, 0),
('Lithuania ', 'BALTICS                            ', 3585906, 65200, 55, 0, -0, 6, 11400, 99, 223, 45, 0, 53, 0, 8, 10, 0, 0, 0),
('Luxembourg ', 'WESTERN EUROPE                     ', 474413, 2586, 183, 0, 8, 4, 55100, 100, 515, 23, 0, 76, 0, 11, 8, 0, 0, 0),
('Macau ', 'ASIA (EX. NEAR EAST)         ', 453125, 28, 16183, 146, 4, 4, 19400, 94, 384, 0, 0, 100, 2, 8, 4, 0, 0, 0),
('Macedonia ', 'EASTERN EUROPE                     ', 2050554, 25333, 80, 0, -1, 10, 6700, 0, 260, 22, 1, 75, 3, 12, 8, 0, 0, 0),
('Madagascar ', 'SUB-SAHARAN AFRICA                 ', 18595469, 587040, 31, 0, 0, 76, 800, 68, 3, 5, 1, 93, 2, 41, 11, 0, 0, 0),
('Malawi ', 'SUB-SAHARAN AFRICA                 ', 13013926, 118480, 109, 0, 0, 103, 600, 62, 7, 23, 1, 75, 2, 43, 19, 0, 0, 0),
('Malaysia ', 'ASIA (EX. NEAR EAST)         ', 24385858, 329750, 74, 1, 0, 17, 9000, 88, 179, 5, 17, 76, 2, 22, 5, 0, 0, 0),
('Maldives ', 'ASIA (EX. NEAR EAST)         ', 359008, 300, 1196, 214, 0, 56, 3900, 97, 90, 13, 16, 70, 2, 34, 7, 0, 0, 0),
('Mali ', 'SUB-SAHARAN AFRICA                 ', 11716829, 1240000, 9, 0, -0, 116, 900, 46, 6, 3, 0, 96, 2, 49, 16, 0, 0, 0),
('Malta ', 'WESTERN EUROPE                     ', 400214, 316, 1266, 62, 2, 3, 17700, 92, 505, 28, 3, 68, 0, 10, 8, 0, 0, 0),
('Marshall Islands ', 'OCEANIA                            ', 60422, 11854, 5, 3, -6, 29, 1600, 93, 91, 16, 38, 44, 2, 33, 4, 0, 0, 0),
('Martinique ', 'LATIN AMER. & CARIB    ', 436131, 1100, 396, 31, -0, 7, 14400, 97, 394, 10, 9, 80, 2, 13, 6, 0, 0, 0),
('Mauritania ', 'SUB-SAHARAN AFRICA                 ', 3177388, 1030700, 3, 0, 0, 70, 1800, 41, 12, 0, 0, 99, 1, 40, 12, 0, 0, 0),
('Mauritius ', 'SUB-SAHARAN AFRICA                 ', 1240827, 2040, 608, 8, -0, 15, 11400, 85, 289, 49, 2, 47, 2, 15, 6, 0, 0, 0),
('Mayotte ', 'SUB-SAHARAN AFRICA                 ', 201234, 374, 538, 49, 6, 62, 2600, 0, 49, 0, 0, 0, 2, 40, 7, 0, 0, 0),
('Mexico ', 'LATIN AMER. & CARIB    ', 107449525, 1972550, 54, 0, -4, 20, 9000, 92, 181, 12, 1, 85, 1, 20, 4, 0, 0, 0),
('Micronesia, Fed. St. ', 'OCEANIA                            ', 108004, 702, 153, 870, -20, 30, 2000, 89, 114, 5, 45, 48, 2, 24, 4, 0, 0, 0),
('Moldova ', 'C.W. OF IND. STATES ', 4466706, 33843, 132, 0, -0, 40, 1800, 99, 208, 55, 10, 33, 0, 15, 12, 0, 0, 0),
('Monaco ', 'WESTERN EUROPE                     ', 32543, 2, 16271, 205, 7, 5, 27000, 99, 1035, 0, 0, 100, 0, 9, 12, 0, 0, 0),
('Mongolia ', 'ASIA (EX. NEAR EAST)         ', 2832224, 1564120, 1, 0, 0, 53, 1800, 97, 55, 0, 0, 99, 1, 21, 6, 0, 0, 0),
('Montserrat ', 'LATIN AMER. & CARIB    ', 9439, 102, 92, 39, 0, 7, 3400, 97, 0, 20, 0, 80, 2, 17, 7, 0, 0, 0),
('Morocco ', 'NORTHERN AFRICA                    ', 33241259, 446550, 74, 0, -0, 41, 4000, 51, 40, 19, 2, 78, 0, 21, 5, 0, 0, 0),
('Mozambique ', 'SUB-SAHARAN AFRICA                 ', 19686505, 801590, 24, 0, 0, 130, 1200, 47, 3, 5, 0, 94, 2, 35, 21, 0, 0, 0),
('Namibia ', 'SUB-SAHARAN AFRICA                 ', 2044147, 825418, 2, 0, 0, 48, 7200, 84, 62, 0, 0, 99, 1, 24, 18, 0, 0, 0),
('Nauru ', 'OCEANIA                            ', 13287, 21, 632, 142, 0, 9, 5000, 0, 143, 0, 0, 100, 2, 24, 6, 0, 0, 0),
('Nepal ', 'ASIA (EX. NEAR EAST)         ', 28287147, 147181, 192, 0, 0, 66, 1400, 45, 15, 21, 0, 77, 0, 30, 9, 0, 0, 0),
('Netherlands ', 'WESTERN EUROPE                     ', 16491461, 41526, 397, 1, 2, 5, 28600, 99, 460, 26, 0, 72, 3, 10, 8, 0, 0, 0),
('Netherlands Antilles ', 'LATIN AMER. & CARIB    ', 221736, 960, 231, 37, -0, 10, 11400, 96, 365, 10, 0, 90, 2, 14, 6, 0, 0, 0),
('New Caledonia ', 'OCEANIA                            ', 219246, 19060, 11, 11, 0, 7, 15000, 91, 252, 0, 0, 99, 2, 18, 5, 0, 0, 0),
('New Zealand ', 'OCEANIA                            ', 4076140, 268680, 15, 5, 4, 5, 21600, 99, 441, 5, 6, 87, 3, 13, 7, 0, 0, 0),
('Nicaragua ', 'LATIN AMER. & CARIB    ', 5570129, 129494, 43, 0, -1, 29, 2300, 67, 39, 15, 1, 82, 2, 24, 4, 0, 0, 0),
('Niger ', 'SUB-SAHARAN AFRICA                 ', 12525094, 1267000, 9, 0, -0, 121, 800, 17, 1, 3, 0, 96, 1, 50, 20, 0, 0, 0),
('Nigeria ', 'SUB-SAHARAN AFRICA                 ', 131859731, 923768, 142, 0, 0, 98, 900, 68, 9, 31, 2, 65, 1, 40, 16, 0, 0, 0),
('N. Mariana Islands ', 'OCEANIA                            ', 82459, 477, 172, 310, 9, 7, 12500, 97, 254, 13, 4, 82, 2, 19, 2, 0, 0, 0),
('Norway ', 'WESTERN EUROPE                     ', 4610820, 323802, 14, 7, 1, 3, 37800, 100, 461, 2, 0, 97, 3, 11, 9, 0, 0, 0),
('Oman ', 'NEAR EAST                          ', 3102229, 212460, 14, 0, 0, 19, 13100, 75, 85, 0, 0, 99, 1, 36, 3, 0, 0, 0),
('Pakistan ', 'ASIA (EX. NEAR EAST)         ', 165803560, 803940, 206, 0, -2, 72, 2100, 45, 31, 27, 0, 71, 1, 29, 8, 0, 0, 0),
('Palau ', 'OCEANIA                            ', 20579, 458, 44, 331, 2, 14, 9000, 92, 325, 8, 4, 86, 2, 18, 6, 0, 0, 0),
('Panama ', 'LATIN AMER. & CARIB    ', 3191319, 78200, 40, 3, -0, 20, 6300, 92, 137, 7, 1, 90, 2, 21, 5, 0, 0, 0),
('Papua New Guinea ', 'OCEANIA                            ', 5670544, 462840, 12, 1, 0, 51, 2200, 64, 10, 0, 1, 98, 2, 29, 7, 0, 0, 0),
('Paraguay ', 'LATIN AMER. & CARIB    ', 6506464, 406750, 16, 0, -0, 25, 4700, 94, 49, 7, 0, 92, 2, 29, 4, 0, 0, 0),
('Peru ', 'LATIN AMER. & CARIB    ', 28302603, 1285220, 22, 0, -1, 31, 5100, 90, 79, 2, 0, 96, 1, 20, 6, 0, 0, 0),
('Philippines ', 'ASIA (EX. NEAR EAST)         ', 89468677, 300000, 298, 12, -1, 23, 4600, 92, 38, 18, 16, 64, 2, 24, 5, 0, 0, 0),
('Poland ', 'EASTERN EUROPE                     ', 38536869, 312685, 123, 0, -0, 8, 11100, 99, 306, 45, 1, 52, 3, 9, 9, 0, 0, 0),
('Portugal ', 'WESTERN EUROPE                     ', 10605870, 92391, 114, 1, 3, 5, 18000, 93, 399, 21, 7, 70, 3, 10, 10, 0, 0, 0),
('Puerto Rico ', 'LATIN AMER. & CARIB    ', 3927188, 13790, 284, 3, -1, 8, 16800, 94, 283, 3, 5, 90, 2, 12, 7, 0, 0, 0),
('Qatar ', 'NEAR EAST                          ', 885359, 11437, 77, 4, 16, 18, 21500, 82, 232, 1, 0, 98, 1, 15, 4, 0, 0, 0),
('Reunion ', 'SUB-SAHARAN AFRICA                 ', 787584, 2517, 312, 8, 0, 7, 5800, 88, 380, 13, 1, 85, 2, 18, 5, 0, 0, 0),
('Romania ', 'EASTERN EUROPE                     ', 22303552, 237500, 93, 0, -0, 26, 7000, 98, 196, 40, 2, 56, 3, 10, 11, 0, 0, 0),
('Russia ', 'C.W. OF IND. STATES ', 142893540, 17075200, 8, 0, 1, 15, 8900, 99, 280, 7, 0, 92, 0, 9, 14, 0, 0, 0),
('Rwanda ', 'SUB-SAHARAN AFRICA                 ', 8648248, 26338, 328, 0, 0, 91, 1300, 70, 2, 40, 12, 47, 3, 40, 16, 0, 0, 0),
('Saint Helena ', 'SUB-SAHARAN AFRICA                 ', 7502, 413, 18, 14, 0, 19, 2500, 97, 293, 12, 0, 87, 0, 12, 6, 0, 0, 0),
('Saint Kitts & Nevis ', 'LATIN AMER. & CARIB    ', 39129, 261, 149, 51, -7, 14, 8800, 97, 638, 19, 2, 77, 2, 18, 8, 0, 0, 0),
('Saint Lucia ', 'LATIN AMER. & CARIB    ', 168458, 616, 273, 25, -2, 13, 5400, 67, 303, 6, 22, 70, 2, 19, 5, 0, 0, 0),
('St Pierre & Miquelon ', 'NORTHERN AMERICA                   ', 7026, 242, 29, 49, -4, 7, 6900, 99, 683, 13, 0, 86, 0, 13, 6, 0, 0, 0),
('Saint Vincent and the Grenadines ', 'LATIN AMER. & CARIB    ', 117848, 389, 303, 21, -7, 14, 2900, 96, 190, 17, 17, 64, 2, 16, 5, 0, 0, 0),
('Samoa ', 'OCEANIA                            ', 176908, 2944, 60, 13, -11, 27, 5600, 99, 75, 21, 24, 54, 2, 16, 6, 0, 0, 0),
('San Marino ', 'WESTERN EUROPE                     ', 29251, 61, 479, 0, 10, 5, 34600, 96, 704, 16, 0, 83, 0, 10, 8, 0, 0, 0),
('Sao Tome & Principe ', 'SUB-SAHARAN AFRICA                 ', 193413, 1001, 193, 20, -2, 43, 1200, 79, 36, 6, 48, 44, 2, 40, 6, 0, 0, 0),
('Saudi Arabia ', 'NEAR EAST                          ', 27019731, 1960580, 13, 0, -2, 13, 11800, 78, 140, 1, 0, 98, 1, 29, 2, 0, 0, 0),
('Senegal ', 'SUB-SAHARAN AFRICA                 ', 11987121, 196190, 61, 0, 0, 55, 1600, 40, 22, 12, 0, 87, 2, 32, 9, 0, 0, 0),
('Serbia ', 'EASTERN EUROPE                     ', 9396411, 88361, 106, 0, -1, 12, 2200, 93, 285, 33, 3, 63, 0, 0, 0, 0, 0, 0),
('Seychelles ', 'SUB-SAHARAN AFRICA                 ', 81541, 455, 179, 107, -5, 15, 7800, 58, 262, 2, 13, 84, 2, 16, 6, 0, 0, 0),
('Sierra Leone ', 'SUB-SAHARAN AFRICA                 ', 6005250, 71740, 83, 0, 0, 143, 500, 31, 4, 6, 0, 92, 2, 45, 23, 0, 0, 0),
('Singapore ', 'ASIA (EX. NEAR EAST)         ', 4492150, 693, 6482, 27, 11, 2, 23700, 92, 411, 1, 0, 98, 2, 9, 4, 0, 0, 0),
('Slovakia ', 'EASTERN EUROPE                     ', 5439448, 48845, 111, 0, 0, 7, 13300, 0, 220, 30, 2, 67, 3, 10, 9, 0, 0, 0),
('Slovenia ', 'EASTERN EUROPE                     ', 2010347, 20273, 99, 0, 1, 4, 19000, 99, 406, 8, 1, 89, 0, 8, 10, 0, 0, 0),
('Solomon Islands ', 'OCEANIA                            ', 552438, 28450, 19, 18, 0, 21, 1700, 0, 13, 0, 2, 97, 2, 30, 3, 0, 0, 0),
('Somalia ', 'SUB-SAHARAN AFRICA                 ', 8863338, 637657, 13, 0, 5, 116, 500, 37, 11, 1, 0, 98, 1, 45, 16, 0, 0, 0),
('South Africa ', 'SUB-SAHARAN AFRICA                 ', 44187637, 1219910, 36, 0, -0, 61, 10700, 86, 107, 12, 0, 87, 1, 18, 22, 0, 0, 0),
('Spain ', 'WESTERN EUROPE                     ', 40397842, 504782, 80, 0, 0, 4, 22000, 97, 453, 26, 9, 64, 3, 10, 9, 0, 0, 0),
('Sri Lanka ', 'ASIA (EX. NEAR EAST)         ', 20222240, 65610, 308, 2, -1, 14, 3700, 92, 61, 13, 15, 70, 2, 15, 6, 0, 0, 0),
('Sudan ', 'SUB-SAHARAN AFRICA                 ', 41236378, 2505810, 16, 0, -0, 62, 1900, 61, 16, 6, 0, 92, 2, 34, 8, 0, 0, 0),
('Suriname ', 'LATIN AMER. & CARIB    ', 439117, 163270, 2, 0, -8, 23, 4000, 93, 184, 0, 0, 99, 2, 18, 7, 0, 0, 0),
('Swaziland ', 'SUB-SAHARAN AFRICA                 ', 1136334, 17363, 65, 0, 0, 69, 4900, 81, 30, 10, 0, 88, 2, 27, 29, 0, 0, 0),
('Sweden ', 'WESTERN EUROPE                     ', 9016596, 449964, 20, 0, 1, 2, 26800, 99, 715, 6, 0, 93, 3, 10, 10, 0, 0, 0),
('Switzerland ', 'WESTERN EUROPE                     ', 7523934, 41290, 182, 0, 4, 4, 32700, 99, 680, 10, 0, 88, 3, 9, 8, 0, 0, 0),
('Syria ', 'NEAR EAST                          ', 18881361, 185180, 102, 0, 0, 29, 3300, 76, 153, 25, 4, 70, 1, 27, 4, 0, 0, 0),
('Taiwan ', 'ASIA (EX. NEAR EAST)         ', 23036087, 35980, 640, 4, 0, 6, 23400, 96, 591, 24, 1, 75, 2, 12, 6, 0, 0, 0),
('Tajikistan ', 'C.W. OF IND. STATES ', 7320815, 143100, 51, 0, -2, 110, 1000, 99, 33, 6, 0, 92, 2, 32, 8, 0, 0, 0),
('Tanzania ', 'SUB-SAHARAN AFRICA                 ', 37445392, 945087, 39, 0, -2, 98, 600, 78, 4, 4, 1, 94, 0, 37, 16, 0, 0, 0),
('Thailand ', 'ASIA (EX. NEAR EAST)         ', 64631595, 514000, 125, 0, 0, 20, 7400, 92, 108, 29, 6, 64, 2, 13, 7, 0, 0, 0),
('Togo ', 'SUB-SAHARAN AFRICA                 ', 5548702, 56785, 97, 0, 0, 66, 1500, 60, 10, 46, 2, 51, 2, 37, 9, 0, 0, 0),
('Tonga ', 'OCEANIA                            ', 114689, 748, 153, 56, 0, 12, 2200, 98, 97, 23, 43, 33, 2, 25, 5, 0, 0, 0),
('Trinidad & Tobago ', 'LATIN AMER. & CARIB    ', 1065842, 5128, 207, 7, -10, 24, 9500, 98, 303, 14, 9, 76, 2, 12, 10, 0, 0, 0),
('Tunisia ', 'NORTHERN AFRICA                    ', 10175014, 163610, 62, 0, -0, 24, 6900, 74, 123, 17, 13, 68, 3, 15, 5, 0, 0, 0),
('Turkey ', 'NEAR EAST                          ', 70413958, 780580, 90, 0, 0, 41, 6700, 86, 269, 30, 3, 65, 3, 16, 5, 0, 0, 0),
('Turkmenistan ', 'C.W. OF IND. STATES ', 5042920, 488100, 10, 0, -0, 73, 5800, 98, 74, 3, 0, 96, 1, 27, 8, 0, 0, 0),
('Turks & Caicos Is ', 'LATIN AMER. & CARIB    ', 21152, 430, 49, 90, 11, 15, 9600, 98, 269, 2, 0, 97, 2, 21, 4, 0, 0, 0),
('Tuvalu ', 'OCEANIA                            ', 11810, 26, 454, 92, 0, 20, 1100, 0, 59, 0, 0, 100, 2, 22, 7, 0, 0, 0),
('Uganda ', 'SUB-SAHARAN AFRICA                 ', 28195754, 236040, 119, 0, 0, 67, 1400, 69, 3, 25, 10, 63, 2, 47, 12, 0, 0, 0),
('Ukraine ', 'C.W. OF IND. STATES ', 46710816, 603700, 77, 0, -0, 20, 5400, 99, 259, 56, 1, 42, 3, 8, 14, 0, 0, 0),
('United Arab Emirates ', 'NEAR EAST                          ', 2602713, 82880, 31, 1, 1, 14, 23200, 77, 475, 0, 2, 97, 1, 18, 4, 0, 0, 0),
('United Kingdom ', 'WESTERN EUROPE                     ', 60609153, 244820, 247, 5, 2, 5, 27700, 99, 543, 23, 0, 76, 3, 10, 10, 0, 0, 0),
('United States ', 'NORTHERN AMERICA                   ', 298444215, 9631420, 31, 0, 3, 6, 37800, 97, 898, 19, 0, 80, 3, 14, 8, 0, 0, 0),
('Uruguay ', 'LATIN AMER. & CARIB    ', 3431932, 176220, 19, 0, -0, 11, 12800, 98, 291, 7, 0, 92, 3, 13, 9, 0, 0, 0),
('Uzbekistan ', 'C.W. OF IND. STATES ', 27307134, 447400, 61, 0, -1, 71, 1700, 99, 62, 10, 0, 88, 1, 26, 7, 0, 0, 0),
('Vanuatu ', 'OCEANIA                            ', 208869, 12200, 17, 20, 0, 55, 2900, 53, 32, 2, 7, 90, 2, 22, 7, 0, 0, 0),
('Venezuela ', 'LATIN AMER. & CARIB    ', 25730435, 912050, 28, 0, -0, 22, 4800, 93, 140, 2, 0, 96, 2, 18, 4, 0, 0, 0),
('Vietnam ', 'ASIA (EX. NEAR EAST)         ', 84402966, 329560, 256, 1, -0, 25, 2500, 90, 187, 19, 5, 74, 2, 16, 6, 0, 0, 0),
('Virgin Islands ', 'LATIN AMER. & CARIB    ', 108605, 1910, 56, 9, -8, 8, 17200, 0, 652, 11, 2, 85, 2, 13, 6, 0, 0, 0),
('Wallis and Futuna ', 'OCEANIA                            ', 16025, 274, 58, 47, 0, 0, 3700, 50, 118, 5, 25, 70, 2, 0, 0, 0, 0, 0),
('West Bank ', 'NEAR EAST                          ', 2460492, 5860, 419, 0, 2, 19, 800, 0, 145, 16, 18, 64, 3, 31, 3, 0, 0, 0),
('Western Sahara ', 'NORTHERN AFRICA                    ', 273008, 266000, 1, 0, 0, 0, 0, 0, 0, 0, 0, 99, 1, 0, 0, 0, 0, 0),
('Yemen ', 'NEAR EAST                          ', 21456188, 527970, 40, 0, 0, 61, 800, 50, 37, 2, 0, 96, 1, 42, 8, 0, 0, 0),
('Zambia ', 'SUB-SAHARAN AFRICA                 ', 11502010, 752614, 15, 0, 0, 88, 800, 80, 8, 7, 0, 92, 2, 41, 19, 0, 0, 0),
('Zimbabwe ', 'SUB-SAHARAN AFRICA                 ', 12236805, 390580, 31, 0, 0, 67, 1900, 90, 26, 8, 0, 91, 2, 28, 21, 0, 0, 0);
COMMIT;

/*!40101 SET CHARACTER_SET_CLIENT=@OLD_CHARACTER_SET_CLIENT */;
/*!40101 SET CHARACTER_SET_RESULTS=@OLD_CHARACTER_SET_RESULTS */;
/*!40101 SET COLLATION_CONNECTION=@OLD_COLLATION_CONNECTION */;
